domain,name,n_nodes,n_edges,level,measure,value,auc
Economic,Midieval_Russia_trade_network_Medieval_Russian_Trade_Network,39,53,100,spectral_entropy,0.9676817899316346,
Economic,Midieval_Russia_trade_network_Medieval_Russian_Trade_Network,39,53,80,spectral_entropy,0.9592822636300896,
Economic,Midieval_Russia_trade_network_Medieval_Russian_Trade_Network,39,53,60,spectral_entropy,0.9421641791044776,
Economic,Midieval_Russia_trade_network_Medieval_Russian_Trade_Network,39,53,40,spectral_entropy,0.914179104477612,
Economic,Midieval_Russia_trade_network_Medieval_Russian_Trade_Network,39,53,20,spectral_entropy,0.8227848101265822,
Economic,Midieval_Russia_trade_network_Medieval_Russian_Trade_Network,39,53,100,adamic_adar_entropy,0.3157208971866915,0.6
Economic,Midieval_Russia_trade_network_Medieval_Russian_Trade_Network,39,53,100,seal_entropy,0.847693881548703,0.53
Economic,Norwegian_Board_of_Directors_net2mode_2002-05-01,179,184,100,spectral_entropy,0.5589415787126505,
Economic,Norwegian_Board_of_Directors_net2mode_2002-05-01,179,184,80,spectral_entropy,0.6365565322825099,
Economic,Norwegian_Board_of_Directors_net2mode_2002-05-01,179,184,60,spectral_entropy,0.7428201252429281,
Economic,Norwegian_Board_of_Directors_net2mode_2002-05-01,179,184,40,spectral_entropy,0.849785407725322,
Economic,Norwegian_Board_of_Directors_net2mode_2002-05-01,179,184,20,spectral_entropy,1.0112359550561798,
Economic,Norwegian_Board_of_Directors_net2mode_2002-05-01,179,184,100,adamic_adar_entropy,,0.4583333333333333
Economic,Norwegian_Board_of_Directors_net2mode_2002-05-01,179,184,100,seal_entropy,0.7155607890740241,0.8001543209876544
Economic,Norwegian_Board_of_Directors_net2mode_2002-06-01,166,171,100,spectral_entropy,0.5613333333333334,
Economic,Norwegian_Board_of_Directors_net2mode_2002-06-01,166,171,80,spectral_entropy,0.62099223759703,
Economic,Norwegian_Board_of_Directors_net2mode_2002-06-01,166,171,60,spectral_entropy,0.6994114984155726,
Economic,Norwegian_Board_of_Directors_net2mode_2002-06-01,166,171,40,spectral_entropy,0.8872810357958872,
Economic,Norwegian_Board_of_Directors_net2mode_2002-06-01,166,171,20,spectral_entropy,1.0839445802770986,
Economic,Norwegian_Board_of_Directors_net2mode_2002-06-01,166,171,100,adamic_adar_entropy,,0.4852941176470588
Economic,Norwegian_Board_of_Directors_net2mode_2002-06-01,166,171,100,seal_entropy,0.7770675646893256,0.8806228373702422
Economic,Norwegian_Board_of_Directors_net2mode_2002-07-01,158,163,100,spectral_entropy,0.5434329395413482,
Economic,Norwegian_Board_of_Directors_net2mode_2002-07-01,158,163,80,spectral_entropy,0.6446991404011462,
Economic,Norwegian_Board_of_Directors_net2mode_2002-07-01,158,163,60,spectral_entropy,0.7217863608931805,
Economic,Norwegian_Board_of_Directors_net2mode_2002-07-01,158,163,40,spectral_entropy,0.8428967154728928,
Economic,Norwegian_Board_of_Directors_net2mode_2002-07-01,158,163,20,spectral_entropy,1.0609857978279031,
Economic,Norwegian_Board_of_Directors_net2mode_2002-07-01,158,163,100,adamic_adar_entropy,,0.5
Economic,Norwegian_Board_of_Directors_net2mode_2002-07-01,158,163,100,seal_entropy,0.7570429716869364,0.822265625
Economic,Norwegian_Board_of_Directors_net2mode_2002-08-01,164,167,100,spectral_entropy,0.532001080205239,
Economic,Norwegian_Board_of_Directors_net2mode_2002-08-01,164,167,80,spectral_entropy,0.6127586942607212,
Economic,Norwegian_Board_of_Directors_net2mode_2002-08-01,164,167,60,spectral_entropy,0.6472950626033546,
Economic,Norwegian_Board_of_Directors_net2mode_2002-08-01,164,167,40,spectral_entropy,0.8678955453149002,
Economic,Norwegian_Board_of_Directors_net2mode_2002-08-01,164,167,20,spectral_entropy,1.0147299509001635,
Economic,Norwegian_Board_of_Directors_net2mode_2002-08-01,164,167,100,adamic_adar_entropy,-0.0,0.4848484848484848
Economic,Norwegian_Board_of_Directors_net2mode_2002-08-01,164,167,100,seal_entropy,0.6796430158753198,0.8847566574839302
Economic,Norwegian_Board_of_Directors_net2mode_2002-09-01,369,375,100,spectral_entropy,0.5216987460653284,
Economic,Norwegian_Board_of_Directors_net2mode_2002-09-01,369,375,80,spectral_entropy,0.6280096308186196,
Economic,Norwegian_Board_of_Directors_net2mode_2002-09-01,369,375,60,spectral_entropy,0.654911838790932,
Economic,Norwegian_Board_of_Directors_net2mode_2002-09-01,369,375,40,spectral_entropy,0.7790645209805986,
Economic,Norwegian_Board_of_Directors_net2mode_2002-09-01,369,375,20,spectral_entropy,0.9045226130653268,
Economic,Norwegian_Board_of_Directors_net2mode_2002-09-01,369,375,100,adamic_adar_entropy,,0.5
Economic,Norwegian_Board_of_Directors_net2mode_2002-09-01,369,375,100,seal_entropy,0.7927811930863485,0.8110222222222222
Economic,Norwegian_Board_of_Directors_net2mode_2002-10-01,388,394,100,spectral_entropy,0.5574119812097438,
Economic,Norwegian_Board_of_Directors_net2mode_2002-10-01,388,394,80,spectral_entropy,0.6437229165358287,
Economic,Norwegian_Board_of_Directors_net2mode_2002-10-01,388,394,60,spectral_entropy,0.673892142295254,
Economic,Norwegian_Board_of_Directors_net2mode_2002-10-01,388,394,40,spectral_entropy,0.7967342342342343,
Economic,Norwegian_Board_of_Directors_net2mode_2002-10-01,388,394,20,spectral_entropy,0.9509906152241918,
Economic,Norwegian_Board_of_Directors_net2mode_2002-10-01,388,394,100,adamic_adar_entropy,-0.0,0.4807692307692308
Economic,Norwegian_Board_of_Directors_net2mode_2002-10-01,388,394,100,seal_entropy,0.8487454779539458,0.7947074293228138
Economic,Norwegian_Board_of_Directors_net2mode_2002-11-01,393,399,100,spectral_entropy,0.6340141322234053,
Economic,Norwegian_Board_of_Directors_net2mode_2002-11-01,393,399,80,spectral_entropy,0.7068879460943349,
Economic,Norwegian_Board_of_Directors_net2mode_2002-11-01,393,399,60,spectral_entropy,0.7427976397084345,
Economic,Norwegian_Board_of_Directors_net2mode_2002-11-01,393,399,40,spectral_entropy,0.8911162982287519,
Economic,Norwegian_Board_of_Directors_net2mode_2002-11-01,393,399,20,spectral_entropy,1.0872313527180784,
Economic,Norwegian_Board_of_Directors_net2mode_2002-11-01,393,399,100,adamic_adar_entropy,-0.0,0.5
Economic,Norwegian_Board_of_Directors_net2mode_2002-11-01,393,399,100,seal_entropy,0.8005338574928749,0.781765742669444
Economic,Norwegian_Board_of_Directors_net2mode_2002-12-01,407,412,100,spectral_entropy,0.6091277143908723,
Economic,Norwegian_Board_of_Directors_net2mode_2002-12-01,407,412,80,spectral_entropy,0.6841180391443981,
Economic,Norwegian_Board_of_Directors_net2mode_2002-12-01,407,412,60,spectral_entropy,0.7145831598234363,
Economic,Norwegian_Board_of_Directors_net2mode_2002-12-01,407,412,40,spectral_entropy,0.8756788207913111,
Economic,Norwegian_Board_of_Directors_net2mode_2002-12-01,407,412,20,spectral_entropy,1.0237537638006022,
Economic,Norwegian_Board_of_Directors_net2mode_2002-12-01,407,412,100,adamic_adar_entropy,,0.4939024390243902
Economic,Norwegian_Board_of_Directors_net2mode_2002-12-01,407,412,100,seal_entropy,0.8255905310244284,0.8091909577632361
Economic,Norwegian_Board_of_Directors_net2mode_2003-01-01,399,404,100,spectral_entropy,0.6030269962518385,
Economic,Norwegian_Board_of_Directors_net2mode_2003-01-01,399,404,80,spectral_entropy,0.6535187113370491,
Economic,Norwegian_Board_of_Directors_net2mode_2003-01-01,399,404,60,spectral_entropy,0.7148440892903675,
Economic,Norwegian_Board_of_Directors_net2mode_2003-01-01,399,404,40,spectral_entropy,0.8533370334397113,
Economic,Norwegian_Board_of_Directors_net2mode_2003-01-01,399,404,20,spectral_entropy,1.05,
Economic,Norwegian_Board_of_Directors_net2mode_2003-01-01,399,404,100,adamic_adar_entropy,,0.4875
Economic,Norwegian_Board_of_Directors_net2mode_2003-01-01,399,404,100,seal_entropy,0.7915638234177359,0.8741406249999999
Economic,Norwegian_Board_of_Directors_net2mode_2003-02-01,402,404,100,spectral_entropy,0.5348352896630064,
Economic,Norwegian_Board_of_Directors_net2mode_2003-02-01,402,404,80,spectral_entropy,0.590331101419006,
Economic,Norwegian_Board_of_Directors_net2mode_2003-02-01,402,404,60,spectral_entropy,0.6290447838467512,
Economic,Norwegian_Board_of_Directors_net2mode_2003-02-01,402,404,40,spectral_entropy,0.7788556164768734,
Economic,Norwegian_Board_of_Directors_net2mode_2003-02-01,402,404,20,spectral_entropy,0.9542092286016204,
Economic,Norwegian_Board_of_Directors_net2mode_2003-02-01,402,404,100,adamic_adar_entropy,-0.0,0.48125
Economic,Norwegian_Board_of_Directors_net2mode_2003-02-01,402,404,100,seal_entropy,0.8175851520662538,0.8809374999999999
Economic,Norwegian_Board_of_Directors_net2mode_2003-03-01,401,403,100,spectral_entropy,0.5334217632289544,
Economic,Norwegian_Board_of_Directors_net2mode_2003-03-01,401,403,80,spectral_entropy,0.5969412925505674,
Economic,Norwegian_Board_of_Directors_net2mode_2003-03-01,401,403,60,spectral_entropy,0.6275933609958506,
Economic,Norwegian_Board_of_Directors_net2mode_2003-03-01,401,403,40,spectral_entropy,0.7734189585369259,
Economic,Norwegian_Board_of_Directors_net2mode_2003-03-01,401,403,20,spectral_entropy,0.9601629696695336,
Economic,Norwegian_Board_of_Directors_net2mode_2003-03-01,401,403,100,adamic_adar_entropy,,0.49375
Economic,Norwegian_Board_of_Directors_net2mode_2003-03-01,401,403,100,seal_entropy,0.8084177521257055,0.904296875
Economic,Norwegian_Board_of_Directors_net2mode_2003-04-01,404,407,100,spectral_entropy,0.5356806627753719,
Economic,Norwegian_Board_of_Directors_net2mode_2003-04-01,404,407,80,spectral_entropy,0.6085846303501946,
Economic,Norwegian_Board_of_Directors_net2mode_2003-04-01,404,407,60,spectral_entropy,0.6347862886161659,
Economic,Norwegian_Board_of_Directors_net2mode_2003-04-01,404,407,40,spectral_entropy,0.7461279461279461,
Economic,Norwegian_Board_of_Directors_net2mode_2003-04-01,404,407,20,spectral_entropy,0.9475728155339804,
Economic,Norwegian_Board_of_Directors_net2mode_2003-04-01,404,407,100,adamic_adar_entropy,,0.4876543209876543
Economic,Norwegian_Board_of_Directors_net2mode_2003-04-01,404,407,100,seal_entropy,0.8686167686023655,0.7885230909922267
Economic,Norwegian_Board_of_Directors_net2mode_2003-05-01,402,405,100,spectral_entropy,0.5351754055073557,
Economic,Norwegian_Board_of_Directors_net2mode_2003-05-01,402,405,80,spectral_entropy,0.6114711997064938,
Economic,Norwegian_Board_of_Directors_net2mode_2003-05-01,402,405,60,spectral_entropy,0.6435938965135113,
Economic,Norwegian_Board_of_Directors_net2mode_2003-05-01,402,405,40,spectral_entropy,0.7775169175528241,
Economic,Norwegian_Board_of_Directors_net2mode_2003-05-01,402,405,20,spectral_entropy,0.9567336989640464,
Economic,Norwegian_Board_of_Directors_net2mode_2003-05-01,402,405,100,adamic_adar_entropy,,0.4876543209876543
Economic,Norwegian_Board_of_Directors_net2mode_2003-05-01,402,405,100,seal_entropy,0.7694683786081752,0.8135954884926078
Economic,Norwegian_Board_of_Directors_net2mode_2003-06-01,397,402,100,spectral_entropy,0.554919362534593,
Economic,Norwegian_Board_of_Directors_net2mode_2003-06-01,397,402,80,spectral_entropy,0.613569689782161,
Economic,Norwegian_Board_of_Directors_net2mode_2003-06-01,397,402,60,spectral_entropy,0.6635746389978004,
Economic,Norwegian_Board_of_Directors_net2mode_2003-06-01,397,402,40,spectral_entropy,0.8251748251748252,
Economic,Norwegian_Board_of_Directors_net2mode_2003-06-01,397,402,20,spectral_entropy,1.0239651416122004,
Economic,Norwegian_Board_of_Directors_net2mode_2003-06-01,397,402,100,adamic_adar_entropy,,0.49375
Economic,Norwegian_Board_of_Directors_net2mode_2003-06-01,397,402,100,seal_entropy,0.79297201482739,0.852890625
Economic,Norwegian_Board_of_Directors_net2mode_2003-07-01,425,434,100,spectral_entropy,0.553532726484612,
Economic,Norwegian_Board_of_Directors_net2mode_2003-07-01,425,434,80,spectral_entropy,0.6203798476060502,
Economic,Norwegian_Board_of_Directors_net2mode_2003-07-01,425,434,60,spectral_entropy,0.664141128576275,
Economic,Norwegian_Board_of_Directors_net2mode_2003-07-01,425,434,40,spectral_entropy,0.8133789433675409,
Economic,Norwegian_Board_of_Directors_net2mode_2003-07-01,425,434,20,spectral_entropy,0.9753279200499688,
Economic,Norwegian_Board_of_Directors_net2mode_2003-07-01,425,434,100,adamic_adar_entropy,,0.4941860465116279
Economic,Norwegian_Board_of_Directors_net2mode_2003-07-01,425,434,100,seal_entropy,0.8587967947204177,0.866887506760411
Economic,Norwegian_Board_of_Directors_net2mode_2003-08-01,447,456,100,spectral_entropy,0.5605105965141969,
Economic,Norwegian_Board_of_Directors_net2mode_2003-08-01,447,456,80,spectral_entropy,0.6081877612260208,
Economic,Norwegian_Board_of_Directors_net2mode_2003-08-01,447,456,60,spectral_entropy,0.6654191616766467,
Economic,Norwegian_Board_of_Directors_net2mode_2003-08-01,447,456,40,spectral_entropy,0.831140875388663,
Economic,Norwegian_Board_of_Directors_net2mode_2003-08-01,447,456,20,spectral_entropy,0.9738527214514408,
Economic,Norwegian_Board_of_Directors_net2mode_2003-08-01,447,456,100,adamic_adar_entropy,,0.5
Economic,Norwegian_Board_of_Directors_net2mode_2003-08-01,447,456,100,seal_entropy,0.8577076484539788,0.880086946021012
Economic,Norwegian_Board_of_Directors_net2mode_2003-09-01,465,481,100,spectral_entropy,0.575687185443283,
Economic,Norwegian_Board_of_Directors_net2mode_2003-09-01,465,481,80,spectral_entropy,0.6286474864339101,
Economic,Norwegian_Board_of_Directors_net2mode_2003-09-01,465,481,60,spectral_entropy,0.6711025255777349,
Economic,Norwegian_Board_of_Directors_net2mode_2003-09-01,465,481,40,spectral_entropy,0.8487423911795107,
Economic,Norwegian_Board_of_Directors_net2mode_2003-09-01,465,481,20,spectral_entropy,0.9547813194959228,
Economic,Norwegian_Board_of_Directors_net2mode_2003-09-01,465,481,100,adamic_adar_entropy,,0.5
Economic,Norwegian_Board_of_Directors_net2mode_2003-09-01,465,481,100,seal_entropy,0.7943000072725114,0.9143880208333334
Economic,Norwegian_Board_of_Directors_net2mode_2003-10-01,470,486,100,spectral_entropy,0.5694665756127172,
Economic,Norwegian_Board_of_Directors_net2mode_2003-10-01,470,486,80,spectral_entropy,0.6257431416087673,
Economic,Norwegian_Board_of_Directors_net2mode_2003-10-01,470,486,60,spectral_entropy,0.6712357803999153,
Economic,Norwegian_Board_of_Directors_net2mode_2003-10-01,470,486,40,spectral_entropy,0.8315774687456103,
Economic,Norwegian_Board_of_Directors_net2mode_2003-10-01,470,486,20,spectral_entropy,0.9451013513513512,
Economic,Norwegian_Board_of_Directors_net2mode_2003-10-01,470,486,100,adamic_adar_entropy,,0.5
Economic,Norwegian_Board_of_Directors_net2mode_2003-10-01,470,486,100,seal_entropy,0.7838755795989498,0.8828780954405356
Economic,Norwegian_Board_of_Directors_net2mode_2003-11-01,480,496,100,spectral_entropy,0.5618721713213379,
Economic,Norwegian_Board_of_Directors_net2mode_2003-11-01,480,496,80,spectral_entropy,0.6321584820331319,
Economic,Norwegian_Board_of_Directors_net2mode_2003-11-01,480,496,60,spectral_entropy,0.6596467391304348,
Economic,Norwegian_Board_of_Directors_net2mode_2003-11-01,480,496,40,spectral_entropy,0.8356985563983362,
Economic,Norwegian_Board_of_Directors_net2mode_2003-11-01,480,496,20,spectral_entropy,1.0132596685082873,
Economic,Norwegian_Board_of_Directors_net2mode_2003-11-01,480,496,100,adamic_adar_entropy,-0.0,0.4898989898989899
Economic,Norwegian_Board_of_Directors_net2mode_2003-11-01,480,496,100,seal_entropy,0.8259870203394186,0.8585858585858587
Economic,Norwegian_Board_of_Directors_net2mode_2003-12-01,463,479,100,spectral_entropy,0.5572359236854351,
Economic,Norwegian_Board_of_Directors_net2mode_2003-12-01,463,479,80,spectral_entropy,0.6286876907426246,
Economic,Norwegian_Board_of_Directors_net2mode_2003-12-01,463,479,60,spectral_entropy,0.6706966033390904,
Economic,Norwegian_Board_of_Directors_net2mode_2003-12-01,463,479,40,spectral_entropy,0.8239743295897318,
Economic,Norwegian_Board_of_Directors_net2mode_2003-12-01,463,479,20,spectral_entropy,0.9830065359477124,
Economic,Norwegian_Board_of_Directors_net2mode_2003-12-01,463,479,100,adamic_adar_entropy,-0.0,0.4947368421052631
Economic,Norwegian_Board_of_Directors_net2mode_2003-12-01,463,479,100,seal_entropy,0.809136437510766,0.872797783933518
Economic,Norwegian_Board_of_Directors_net2mode_2004-01-01,446,466,100,spectral_entropy,0.5646768151749422,
Economic,Norwegian_Board_of_Directors_net2mode_2004-01-01,446,466,80,spectral_entropy,0.6359938724842851,
Economic,Norwegian_Board_of_Directors_net2mode_2004-01-01,446,466,60,spectral_entropy,0.6754966887417219,
Economic,Norwegian_Board_of_Directors_net2mode_2004-01-01,446,466,40,spectral_entropy,0.8532219570405728,
Economic,Norwegian_Board_of_Directors_net2mode_2004-01-01,446,466,20,spectral_entropy,0.9666666666666668,
Economic,Norwegian_Board_of_Directors_net2mode_2004-01-01,446,466,100,adamic_adar_entropy,,0.4946236559139785
Economic,Norwegian_Board_of_Directors_net2mode_2004-01-01,446,466,100,seal_entropy,0.8111739098586471,0.8270898369753727
Economic,Norwegian_Board_of_Directors_net2mode_2004-02-01,457,476,100,spectral_entropy,0.5610624951599164,
Economic,Norwegian_Board_of_Directors_net2mode_2004-02-01,457,476,80,spectral_entropy,0.6251937583961972,
Economic,Norwegian_Board_of_Directors_net2mode_2004-02-01,457,476,60,spectral_entropy,0.6619626100240052,
Economic,Norwegian_Board_of_Directors_net2mode_2004-02-01,457,476,40,spectral_entropy,0.8388003748828491,
Economic,Norwegian_Board_of_Directors_net2mode_2004-02-01,457,476,20,spectral_entropy,0.9514118544899516,
Economic,Norwegian_Board_of_Directors_net2mode_2004-02-01,457,476,100,adamic_adar_entropy,-0.0,0.5
Economic,Norwegian_Board_of_Directors_net2mode_2004-02-01,457,476,100,seal_entropy,0.8113194626662966,0.8257617728531855
Economic,Norwegian_Board_of_Directors_net2mode_2004-03-01,470,489,100,spectral_entropy,0.5619205547599306,
Economic,Norwegian_Board_of_Directors_net2mode_2004-03-01,470,489,80,spectral_entropy,0.6338134950720242,
Economic,Norwegian_Board_of_Directors_net2mode_2004-03-01,470,489,60,spectral_entropy,0.6599269868014602,
Economic,Norwegian_Board_of_Directors_net2mode_2004-03-01,470,489,40,spectral_entropy,0.8237700261333939,
Economic,Norwegian_Board_of_Directors_net2mode_2004-03-01,470,489,20,spectral_entropy,0.9862306368330466,
Economic,Norwegian_Board_of_Directors_net2mode_2004-03-01,470,489,100,adamic_adar_entropy,-0.0,0.4948453608247423
Economic,Norwegian_Board_of_Directors_net2mode_2004-03-01,470,489,100,seal_entropy,0.7956839027007948,0.8774577532150067
Economic,Norwegian_Board_of_Directors_net2mode_2004-04-01,529,551,100,spectral_entropy,0.5738998881799645,
Economic,Norwegian_Board_of_Directors_net2mode_2004-04-01,529,551,80,spectral_entropy,0.6448794127927298,
Economic,Norwegian_Board_of_Directors_net2mode_2004-04-01,529,551,60,spectral_entropy,0.7066988533494267,
Economic,Norwegian_Board_of_Directors_net2mode_2004-04-01,529,551,40,spectral_entropy,0.834703549666312,
Economic,Norwegian_Board_of_Directors_net2mode_2004-04-01,529,551,20,spectral_entropy,0.957102823884458,
Economic,Norwegian_Board_of_Directors_net2mode_2004-04-01,529,551,100,adamic_adar_entropy,,0.4863636363636364
Economic,Norwegian_Board_of_Directors_net2mode_2004-04-01,529,551,100,seal_entropy,0.8013519975492043,0.8917355371900826
Economic,Norwegian_Board_of_Directors_net2mode_2004-05-01,541,564,100,spectral_entropy,0.5606031316450802,
Economic,Norwegian_Board_of_Directors_net2mode_2004-05-01,541,564,80,spectral_entropy,0.5996041938607941,
Economic,Norwegian_Board_of_Directors_net2mode_2004-05-01,541,564,60,spectral_entropy,0.6666274763388396,
Economic,Norwegian_Board_of_Directors_net2mode_2004-05-01,541,564,40,spectral_entropy,0.7816005983545251,
Economic,Norwegian_Board_of_Directors_net2mode_2004-05-01,541,564,20,spectral_entropy,0.9778837814397224,
Economic,Norwegian_Board_of_Directors_net2mode_2004-05-01,541,564,100,adamic_adar_entropy,-0.0,0.5
Economic,Norwegian_Board_of_Directors_net2mode_2004-05-01,541,564,100,seal_entropy,0.7943489997586624,0.867546237244898
Economic,Norwegian_Board_of_Directors_net2mode_2004-06-01,507,530,100,spectral_entropy,0.5645877450645536,
Economic,Norwegian_Board_of_Directors_net2mode_2004-06-01,507,530,80,spectral_entropy,0.6401547528003958,
Economic,Norwegian_Board_of_Directors_net2mode_2004-06-01,507,530,60,spectral_entropy,0.6848117860041201,
Economic,Norwegian_Board_of_Directors_net2mode_2004-06-01,507,530,40,spectral_entropy,0.811458229364208,
Economic,Norwegian_Board_of_Directors_net2mode_2004-06-01,507,530,20,spectral_entropy,0.9495219034912163,
Economic,Norwegian_Board_of_Directors_net2mode_2004-06-01,507,530,100,adamic_adar_entropy,-0.0,0.4952830188679245
Economic,Norwegian_Board_of_Directors_net2mode_2004-06-01,507,530,100,seal_entropy,0.8231746492589797,0.8240477038091849
Economic,Norwegian_Board_of_Directors_net2mode_2004-07-01,536,558,100,spectral_entropy,0.5482029323991177,
Economic,Norwegian_Board_of_Directors_net2mode_2004-07-01,536,558,80,spectral_entropy,0.614618635203548,
Economic,Norwegian_Board_of_Directors_net2mode_2004-07-01,536,558,60,spectral_entropy,0.659074817087562,
Economic,Norwegian_Board_of_Directors_net2mode_2004-07-01,536,558,40,spectral_entropy,0.7938016921760623,
Economic,Norwegian_Board_of_Directors_net2mode_2004-07-01,536,558,20,spectral_entropy,0.8963238331268071,
Economic,Norwegian_Board_of_Directors_net2mode_2004-07-01,536,558,100,adamic_adar_entropy,-0.0,0.5
Economic,Norwegian_Board_of_Directors_net2mode_2004-07-01,536,558,100,seal_entropy,0.8246330839255424,0.863079295511728
Economic,Norwegian_Board_of_Directors_net2mode_2004-08-01,541,565,100,spectral_entropy,0.5568319611972684,
Economic,Norwegian_Board_of_Directors_net2mode_2004-08-01,541,565,80,spectral_entropy,0.6180645701603785,
Economic,Norwegian_Board_of_Directors_net2mode_2004-08-01,541,565,60,spectral_entropy,0.6687711913948322,
Economic,Norwegian_Board_of_Directors_net2mode_2004-08-01,541,565,40,spectral_entropy,0.8070736525256327,
Economic,Norwegian_Board_of_Directors_net2mode_2004-08-01,541,565,20,spectral_entropy,0.8845014807502468,
Economic,Norwegian_Board_of_Directors_net2mode_2004-08-01,541,565,100,adamic_adar_entropy,,0.495575221238938
Economic,Norwegian_Board_of_Directors_net2mode_2004-08-01,541,565,100,seal_entropy,0.8468822534136897,0.8785339494087243
Economic,Norwegian_Board_of_Directors_net2mode_2004-09-01,522,545,100,spectral_entropy,0.5514305514305514,
Economic,Norwegian_Board_of_Directors_net2mode_2004-09-01,522,545,80,spectral_entropy,0.6126819035965564,
Economic,Norwegian_Board_of_Directors_net2mode_2004-09-01,522,545,60,spectral_entropy,0.6640936102432151,
Economic,Norwegian_Board_of_Directors_net2mode_2004-09-01,522,545,40,spectral_entropy,0.7742934572202864,
Economic,Norwegian_Board_of_Directors_net2mode_2004-09-01,522,545,20,spectral_entropy,0.8873505349276275,
Economic,Norwegian_Board_of_Directors_net2mode_2004-09-01,522,545,100,adamic_adar_entropy,,0.481651376146789
Economic,Norwegian_Board_of_Directors_net2mode_2004-09-01,522,545,100,seal_entropy,0.8360654302053415,0.8623011531015907
Economic,Norwegian_Board_of_Directors_net2mode_2004-10-01,542,567,100,spectral_entropy,0.5593322161444336,
Economic,Norwegian_Board_of_Directors_net2mode_2004-10-01,542,567,80,spectral_entropy,0.6207637626053893,
Economic,Norwegian_Board_of_Directors_net2mode_2004-10-01,542,567,60,spectral_entropy,0.6686591654946085,
Economic,Norwegian_Board_of_Directors_net2mode_2004-10-01,542,567,40,spectral_entropy,0.779423944050796,
Economic,Norwegian_Board_of_Directors_net2mode_2004-10-01,542,567,20,spectral_entropy,0.869309262166405,
Economic,Norwegian_Board_of_Directors_net2mode_2004-10-01,542,567,100,adamic_adar_entropy,,0.4911504424778761
Economic,Norwegian_Board_of_Directors_net2mode_2004-10-01,542,567,100,seal_entropy,0.8080978243427392,0.9355470279583366
Economic,Norwegian_Board_of_Directors_net2mode_2004-11-01,554,579,100,spectral_entropy,0.5562210141589115,
Economic,Norwegian_Board_of_Directors_net2mode_2004-11-01,554,579,80,spectral_entropy,0.6294782010282152,
Economic,Norwegian_Board_of_Directors_net2mode_2004-11-01,554,579,60,spectral_entropy,0.6632827649138816,
Economic,Norwegian_Board_of_Directors_net2mode_2004-11-01,554,579,40,spectral_entropy,0.751779359430605,
Economic,Norwegian_Board_of_Directors_net2mode_2004-11-01,554,579,20,spectral_entropy,0.8529980657640233,
Economic,Norwegian_Board_of_Directors_net2mode_2004-11-01,554,579,100,adamic_adar_entropy,-0.0,0.4956521739130435
Economic,Norwegian_Board_of_Directors_net2mode_2004-11-01,554,579,100,seal_entropy,0.8126269727975327,0.9017391304347826
Economic,Norwegian_Board_of_Directors_net2mode_2004-12-01,531,559,100,spectral_entropy,0.5651365559687139,
Economic,Norwegian_Board_of_Directors_net2mode_2004-12-01,531,559,80,spectral_entropy,0.6206925891261805,
Economic,Norwegian_Board_of_Directors_net2mode_2004-12-01,531,559,60,spectral_entropy,0.6596957058097868,
Economic,Norwegian_Board_of_Directors_net2mode_2004-12-01,531,559,40,spectral_entropy,0.7729423772849586,
Economic,Norwegian_Board_of_Directors_net2mode_2004-12-01,531,559,20,spectral_entropy,0.8376442499005172,
Economic,Norwegian_Board_of_Directors_net2mode_2004-12-01,531,559,100,adamic_adar_entropy,,0.5
Economic,Norwegian_Board_of_Directors_net2mode_2004-12-01,531,559,100,seal_entropy,0.8253390297916606,0.8645807970132295
Economic,Norwegian_Board_of_Directors_net2mode_2005-01-01,558,589,100,spectral_entropy,0.5690414704542002,
Economic,Norwegian_Board_of_Directors_net2mode_2005-01-01,558,589,80,spectral_entropy,0.631163708086785,
Economic,Norwegian_Board_of_Directors_net2mode_2005-01-01,558,589,60,spectral_entropy,0.6579165974414355,
Economic,Norwegian_Board_of_Directors_net2mode_2005-01-01,558,589,40,spectral_entropy,0.7806559985854479,
Economic,Norwegian_Board_of_Directors_net2mode_2005-01-01,558,589,20,spectral_entropy,0.8707853403141361,
Economic,Norwegian_Board_of_Directors_net2mode_2005-01-01,558,589,100,adamic_adar_entropy,-0.0,0.5
Economic,Norwegian_Board_of_Directors_net2mode_2005-01-01,558,589,100,seal_entropy,0.8456510422467547,0.8890715172766456
Economic,Norwegian_Board_of_Directors_net2mode_2005-02-01,549,582,100,spectral_entropy,0.5770950926868388,
Economic,Norwegian_Board_of_Directors_net2mode_2005-02-01,549,582,80,spectral_entropy,0.6369143780290791,
Economic,Norwegian_Board_of_Directors_net2mode_2005-02-01,549,582,60,spectral_entropy,0.6723826714801444,
Economic,Norwegian_Board_of_Directors_net2mode_2005-02-01,549,582,40,spectral_entropy,0.7747424988804299,
Economic,Norwegian_Board_of_Directors_net2mode_2005-02-01,549,582,20,spectral_entropy,0.873900293255132,
Economic,Norwegian_Board_of_Directors_net2mode_2005-02-01,549,582,100,adamic_adar_entropy,-0.0,0.4956896551724138
Economic,Norwegian_Board_of_Directors_net2mode_2005-02-01,549,582,100,seal_entropy,0.8557984176766468,0.8600624256837098
Economic,Norwegian_Board_of_Directors_net2mode_2005-03-01,549,579,100,spectral_entropy,0.5719453626894531,
Economic,Norwegian_Board_of_Directors_net2mode_2005-03-01,549,579,80,spectral_entropy,0.619824547019759,
Economic,Norwegian_Board_of_Directors_net2mode_2005-03-01,549,579,60,spectral_entropy,0.6497784846075202,
Economic,Norwegian_Board_of_Directors_net2mode_2005-03-01,549,579,40,spectral_entropy,0.7644333570919458,
Economic,Norwegian_Board_of_Directors_net2mode_2005-03-01,549,579,20,spectral_entropy,0.8687978034908806,
Economic,Norwegian_Board_of_Directors_net2mode_2005-03-01,549,579,100,adamic_adar_entropy,,0.4956521739130435
Economic,Norwegian_Board_of_Directors_net2mode_2005-03-01,549,579,100,seal_entropy,0.844770753402768,0.8386767485822306
Economic,Norwegian_Board_of_Directors_net2mode_2005-04-01,548,578,100,spectral_entropy,0.5723404914629234,
Economic,Norwegian_Board_of_Directors_net2mode_2005-04-01,548,578,80,spectral_entropy,0.6169852407452213,
Economic,Norwegian_Board_of_Directors_net2mode_2005-04-01,548,578,60,spectral_entropy,0.6601058931860038,
Economic,Norwegian_Board_of_Directors_net2mode_2005-04-01,548,578,40,spectral_entropy,0.7763334827431645,
Economic,Norwegian_Board_of_Directors_net2mode_2005-04-01,548,578,20,spectral_entropy,0.8601116028477968,
Economic,Norwegian_Board_of_Directors_net2mode_2005-04-01,548,578,100,adamic_adar_entropy,,0.4913043478260869
Economic,Norwegian_Board_of_Directors_net2mode_2005-04-01,548,578,100,seal_entropy,0.8862464254239053,0.8009451795841209
Economic,Norwegian_Board_of_Directors_net2mode_2005-05-01,568,594,100,spectral_entropy,0.5708631907174767,
Economic,Norwegian_Board_of_Directors_net2mode_2005-05-01,568,594,80,spectral_entropy,0.6167890454455249,
Economic,Norwegian_Board_of_Directors_net2mode_2005-05-01,568,594,60,spectral_entropy,0.6651578714948112,
Economic,Norwegian_Board_of_Directors_net2mode_2005-05-01,568,594,40,spectral_entropy,0.7755875010760093,
Economic,Norwegian_Board_of_Directors_net2mode_2005-05-01,568,594,20,spectral_entropy,0.8684259779150291,
Economic,Norwegian_Board_of_Directors_net2mode_2005-05-01,568,594,100,adamic_adar_entropy,,0.4915254237288136
Economic,Norwegian_Board_of_Directors_net2mode_2005-05-01,568,594,100,seal_entropy,0.8585100528966806,0.8624317724791726
Economic,Norwegian_Board_of_Directors_net2mode_2005-06-01,576,596,100,spectral_entropy,0.6078160643534638,
Economic,Norwegian_Board_of_Directors_net2mode_2005-06-01,576,596,80,spectral_entropy,0.6562328390993959,
Economic,Norwegian_Board_of_Directors_net2mode_2005-06-01,576,596,60,spectral_entropy,0.7030401737242128,
Economic,Norwegian_Board_of_Directors_net2mode_2005-06-01,576,596,40,spectral_entropy,0.7951403435274403,
Economic,Norwegian_Board_of_Directors_net2mode_2005-06-01,576,596,20,spectral_entropy,0.9543719323759317,
Economic,Norwegian_Board_of_Directors_net2mode_2005-06-01,576,596,100,adamic_adar_entropy,-0.0,0.5
Economic,Norwegian_Board_of_Directors_net2mode_2005-06-01,576,596,100,seal_entropy,0.8881586441893293,0.8525880940611538
Economic,Norwegian_Board_of_Directors_net2mode_2005-07-01,564,592,100,spectral_entropy,0.5910928730915455,
Economic,Norwegian_Board_of_Directors_net2mode_2005-07-01,564,592,80,spectral_entropy,0.6463026300271258,
Economic,Norwegian_Board_of_Directors_net2mode_2005-07-01,564,592,60,spectral_entropy,0.7054057054057055,
Economic,Norwegian_Board_of_Directors_net2mode_2005-07-01,564,592,40,spectral_entropy,0.823219893066282,
Economic,Norwegian_Board_of_Directors_net2mode_2005-07-01,564,592,20,spectral_entropy,0.924822149586618,
Economic,Norwegian_Board_of_Directors_net2mode_2005-07-01,564,592,100,adamic_adar_entropy,,0.4957627118644068
Economic,Norwegian_Board_of_Directors_net2mode_2005-07-01,564,592,100,seal_entropy,0.8315138770601453,0.8427535191037059
Economic,Norwegian_Board_of_Directors_net2mode_2005-09-01,479,512,100,spectral_entropy,0.6288104352757692,
Economic,Norwegian_Board_of_Directors_net2mode_2005-09-01,479,512,80,spectral_entropy,0.6640733537093637,
Economic,Norwegian_Board_of_Directors_net2mode_2005-09-01,479,512,60,spectral_entropy,0.7091275779064472,
Economic,Norwegian_Board_of_Directors_net2mode_2005-09-01,479,512,40,spectral_entropy,0.8661337650510978,
Economic,Norwegian_Board_of_Directors_net2mode_2005-09-01,479,512,20,spectral_entropy,0.9941782355575458,
Economic,Norwegian_Board_of_Directors_net2mode_2005-09-01,479,512,100,adamic_adar_entropy,,0.4901960784313725
Economic,Norwegian_Board_of_Directors_net2mode_2005-09-01,479,512,100,seal_entropy,0.8845785424844963,0.7773933102652825
Economic,Norwegian_Board_of_Directors_net2mode_2005-10-01,492,531,100,spectral_entropy,0.648663505806363,
Economic,Norwegian_Board_of_Directors_net2mode_2005-10-01,492,531,80,spectral_entropy,0.6892213685582065,
Economic,Norwegian_Board_of_Directors_net2mode_2005-10-01,492,531,60,spectral_entropy,0.732295142751205,
Economic,Norwegian_Board_of_Directors_net2mode_2005-10-01,492,531,40,spectral_entropy,0.8950019372336303,
Economic,Norwegian_Board_of_Directors_net2mode_2005-10-01,492,531,20,spectral_entropy,0.985342019543974,
Economic,Norwegian_Board_of_Directors_net2mode_2005-10-01,492,531,100,adamic_adar_entropy,,0.4952830188679245
Economic,Norwegian_Board_of_Directors_net2mode_2005-10-01,492,531,100,seal_entropy,0.8191575610138265,0.8642310430758277
Economic,Norwegian_Board_of_Directors_net2mode_2005-11-01,491,530,100,spectral_entropy,0.6444991789819376,
Economic,Norwegian_Board_of_Directors_net2mode_2005-11-01,491,530,80,spectral_entropy,0.7144805017725662,
Economic,Norwegian_Board_of_Directors_net2mode_2005-11-01,491,530,60,spectral_entropy,0.738423796381478,
Economic,Norwegian_Board_of_Directors_net2mode_2005-11-01,491,530,40,spectral_entropy,0.9024507448342144,
Economic,Norwegian_Board_of_Directors_net2mode_2005-11-01,491,530,20,spectral_entropy,1.004932182490752,
Economic,Norwegian_Board_of_Directors_net2mode_2005-11-01,491,530,100,adamic_adar_entropy,,0.4858490566037736
Economic,Norwegian_Board_of_Directors_net2mode_2005-11-01,491,530,100,seal_entropy,0.7912136790953601,0.8438056247775009
Economic,Norwegian_Board_of_Directors_net2mode_2005-12-01,496,536,100,spectral_entropy,0.6290236051502146,
Economic,Norwegian_Board_of_Directors_net2mode_2005-12-01,496,536,80,spectral_entropy,0.7305507090770813,
Economic,Norwegian_Board_of_Directors_net2mode_2005-12-01,496,536,60,spectral_entropy,0.7610741623792195,
Economic,Norwegian_Board_of_Directors_net2mode_2005-12-01,496,536,40,spectral_entropy,0.9070581372739648,
Economic,Norwegian_Board_of_Directors_net2mode_2005-12-01,496,536,20,spectral_entropy,1.017391304347826,
Economic,Norwegian_Board_of_Directors_net2mode_2005-12-01,496,536,100,adamic_adar_entropy,-0.0,0.4906542056074766
Economic,Norwegian_Board_of_Directors_net2mode_2005-12-01,496,536,100,seal_entropy,0.830637990763548,0.8505546335924535
Economic,Norwegian_Board_of_Directors_net2mode_2006-01-01,580,623,100,spectral_entropy,0.616358958409907,
Economic,Norwegian_Board_of_Directors_net2mode_2006-01-01,580,623,80,spectral_entropy,0.706908506988796,
Economic,Norwegian_Board_of_Directors_net2mode_2006-01-01,580,623,60,spectral_entropy,0.7656540607563547,
Economic,Norwegian_Board_of_Directors_net2mode_2006-01-01,580,623,40,spectral_entropy,0.8905365542533684,
Economic,Norwegian_Board_of_Directors_net2mode_2006-01-01,580,623,20,spectral_entropy,0.9886547811993518,
Economic,Norwegian_Board_of_Directors_net2mode_2006-01-01,580,623,100,adamic_adar_entropy,-0.0,0.4959677419354839
Economic,Norwegian_Board_of_Directors_net2mode_2006-01-01,580,623,100,seal_entropy,0.8059728243235427,0.8314255983350676
Economic,Norwegian_Board_of_Directors_net2mode_2006-02-01,603,649,100,spectral_entropy,0.6210912227733448,
Economic,Norwegian_Board_of_Directors_net2mode_2006-02-01,603,649,80,spectral_entropy,0.6921912939437661,
Economic,Norwegian_Board_of_Directors_net2mode_2006-02-01,603,649,60,spectral_entropy,0.7241948001552193,
Economic,Norwegian_Board_of_Directors_net2mode_2006-02-01,603,649,40,spectral_entropy,0.8267330466923135,
Economic,Norwegian_Board_of_Directors_net2mode_2006-02-01,603,649,20,spectral_entropy,0.931783210805266,
Economic,Norwegian_Board_of_Directors_net2mode_2006-02-01,603,649,100,adamic_adar_entropy,,0.4961240310077519
Economic,Norwegian_Board_of_Directors_net2mode_2006-02-01,603,649,100,seal_entropy,0.8400600058817285,0.8518117901568415
Economic,Norwegian_Board_of_Directors_net2mode_2006-03-01,604,649,100,spectral_entropy,0.6163736055965211,
Economic,Norwegian_Board_of_Directors_net2mode_2006-03-01,604,649,80,spectral_entropy,0.6967832659518369,
Economic,Norwegian_Board_of_Directors_net2mode_2006-03-01,604,649,60,spectral_entropy,0.7306807615132384,
Economic,Norwegian_Board_of_Directors_net2mode_2006-03-01,604,649,40,spectral_entropy,0.8293875057278142,
Economic,Norwegian_Board_of_Directors_net2mode_2006-03-01,604,649,20,spectral_entropy,0.9374610430085186,
Economic,Norwegian_Board_of_Directors_net2mode_2006-03-01,604,649,100,adamic_adar_entropy,-0.0,0.4922480620155038
Economic,Norwegian_Board_of_Directors_net2mode_2006-03-01,604,649,100,seal_entropy,0.814705473851056,0.8419866594555615
Economic,Norwegian_Board_of_Directors_net2mode_2006-04-01,596,642,100,spectral_entropy,0.5959274664926733,
Economic,Norwegian_Board_of_Directors_net2mode_2006-04-01,596,642,80,spectral_entropy,0.6802575870779521,
Economic,Norwegian_Board_of_Directors_net2mode_2006-04-01,596,642,60,spectral_entropy,0.7142857142857143,
Economic,Norwegian_Board_of_Directors_net2mode_2006-04-01,596,642,40,spectral_entropy,0.8677131813520549,
Economic,Norwegian_Board_of_Directors_net2mode_2006-04-01,596,642,20,spectral_entropy,0.936706425548288,
Economic,Norwegian_Board_of_Directors_net2mode_2006-04-01,596,642,100,adamic_adar_entropy,,0.49609375
Economic,Norwegian_Board_of_Directors_net2mode_2006-04-01,596,642,100,seal_entropy,0.8380730106112491,0.85247802734375
Economic,Norwegian_Board_of_Directors_net2mode_2006-05-01,610,658,100,spectral_entropy,0.5963485609503308,
Economic,Norwegian_Board_of_Directors_net2mode_2006-05-01,610,658,80,spectral_entropy,0.6697411894273128,
Economic,Norwegian_Board_of_Directors_net2mode_2006-05-01,610,658,60,spectral_entropy,0.706708574796189,
Economic,Norwegian_Board_of_Directors_net2mode_2006-05-01,610,658,40,spectral_entropy,0.8513597033374536,
Economic,Norwegian_Board_of_Directors_net2mode_2006-05-01,610,658,20,spectral_entropy,0.927766732935719,
Economic,Norwegian_Board_of_Directors_net2mode_2006-05-01,610,658,100,adamic_adar_entropy,,0.4961832061068702
Economic,Norwegian_Board_of_Directors_net2mode_2006-05-01,610,658,100,seal_entropy,0.8322669660035368,0.8383252724200222
Economic,Norwegian_Board_of_Directors_net2mode_2006-06-01,643,690,100,spectral_entropy,0.5913008618961716,
Economic,Norwegian_Board_of_Directors_net2mode_2006-06-01,643,690,80,spectral_entropy,0.6787954418574103,
Economic,Norwegian_Board_of_Directors_net2mode_2006-06-01,643,690,60,spectral_entropy,0.712884834663626,
Economic,Norwegian_Board_of_Directors_net2mode_2006-06-01,643,690,40,spectral_entropy,0.8511849690413494,
Economic,Norwegian_Board_of_Directors_net2mode_2006-06-01,643,690,20,spectral_entropy,0.9551262075412902,
Economic,Norwegian_Board_of_Directors_net2mode_2006-06-01,643,690,100,adamic_adar_entropy,,0.4963768115942029
Economic,Norwegian_Board_of_Directors_net2mode_2006-06-01,643,690,100,seal_entropy,0.8229759840418924,0.8522631800042008
Economic,Norwegian_Board_of_Directors_net2mode_2006-07-01,671,719,100,spectral_entropy,0.5848825184579495,
Economic,Norwegian_Board_of_Directors_net2mode_2006-07-01,671,719,80,spectral_entropy,0.6750317662007624,
Economic,Norwegian_Board_of_Directors_net2mode_2006-07-01,671,719,60,spectral_entropy,0.7085837294824647,
Economic,Norwegian_Board_of_Directors_net2mode_2006-07-01,671,719,40,spectral_entropy,0.8459640465280226,
Economic,Norwegian_Board_of_Directors_net2mode_2006-07-01,671,719,20,spectral_entropy,0.9348398080792448,
Economic,Norwegian_Board_of_Directors_net2mode_2006-07-01,671,719,100,adamic_adar_entropy,-0.0,0.4965034965034965
Economic,Norwegian_Board_of_Directors_net2mode_2006-07-01,671,719,100,seal_entropy,0.8513090925610349,0.8350286077558805
Economic,Norwegian_Board_of_Directors_net2mode_2006-08-01,693,745,100,spectral_entropy,0.5862045156390251,
Economic,Norwegian_Board_of_Directors_net2mode_2006-08-01,693,745,80,spectral_entropy,0.6365619676638474,
Economic,Norwegian_Board_of_Directors_net2mode_2006-08-01,693,745,60,spectral_entropy,0.6881067442158832,
Economic,Norwegian_Board_of_Directors_net2mode_2006-08-01,693,745,40,spectral_entropy,0.7991120976692564,
Economic,Norwegian_Board_of_Directors_net2mode_2006-08-01,693,745,20,spectral_entropy,0.8581713462922966,
Economic,Norwegian_Board_of_Directors_net2mode_2006-08-01,693,745,100,adamic_adar_entropy,-0.0,0.4932885906040268
Economic,Norwegian_Board_of_Directors_net2mode_2006-08-01,693,745,100,seal_entropy,0.8588359324108654,0.8034773208414036
Economic,Norwegian_Board_of_Directors_net2mode_2006-09-01,695,753,100,spectral_entropy,0.5913039533670531,
Economic,Norwegian_Board_of_Directors_net2mode_2006-09-01,695,753,80,spectral_entropy,0.6696887277122998,
Economic,Norwegian_Board_of_Directors_net2mode_2006-09-01,695,753,60,spectral_entropy,0.7055018935364453,
Economic,Norwegian_Board_of_Directors_net2mode_2006-09-01,695,753,40,spectral_entropy,0.8147664162038549,
Economic,Norwegian_Board_of_Directors_net2mode_2006-09-01,695,753,20,spectral_entropy,0.9079099307159354,
Economic,Norwegian_Board_of_Directors_net2mode_2006-09-01,695,753,100,adamic_adar_entropy,-0.0,0.5
Economic,Norwegian_Board_of_Directors_net2mode_2006-09-01,695,753,100,seal_entropy,0.8385703892563438,0.8129111111111111
Economic,Norwegian_Board_of_Directors_net2mode_2006-10-01,730,790,100,spectral_entropy,0.5826241666845298,
Economic,Norwegian_Board_of_Directors_net2mode_2006-10-01,730,790,80,spectral_entropy,0.6483598125500057,
Economic,Norwegian_Board_of_Directors_net2mode_2006-10-01,730,790,60,spectral_entropy,0.6971703792895846,
Economic,Norwegian_Board_of_Directors_net2mode_2006-10-01,730,790,40,spectral_entropy,0.8057890412690387,
Economic,Norwegian_Board_of_Directors_net2mode_2006-10-01,730,790,20,spectral_entropy,0.9085802555820812,
Economic,Norwegian_Board_of_Directors_net2mode_2006-10-01,730,790,100,adamic_adar_entropy,,0.4968354430379746
Economic,Norwegian_Board_of_Directors_net2mode_2006-10-01,730,790,100,seal_entropy,0.8435548815137938,0.83374058644448
Economic,Norwegian_Board_of_Directors_net2mode_2006-11-01,749,811,100,spectral_entropy,0.5832436459971851,
Economic,Norwegian_Board_of_Directors_net2mode_2006-11-01,749,811,80,spectral_entropy,0.6678446205240054,
Economic,Norwegian_Board_of_Directors_net2mode_2006-11-01,749,811,60,spectral_entropy,0.695,
Economic,Norwegian_Board_of_Directors_net2mode_2006-11-01,749,811,40,spectral_entropy,0.8432575484181403,
Economic,Norwegian_Board_of_Directors_net2mode_2006-11-01,749,811,20,spectral_entropy,0.8906059373729157,
Economic,Norwegian_Board_of_Directors_net2mode_2006-11-01,749,811,100,adamic_adar_entropy,-0.0,0.5
Economic,Norwegian_Board_of_Directors_net2mode_2006-11-01,749,811,100,seal_entropy,0.8385716835425479,0.8119379667733577
Economic,Norwegian_Board_of_Directors_net2mode_2006-12-01,776,840,100,spectral_entropy,0.5979760809567618,
Economic,Norwegian_Board_of_Directors_net2mode_2006-12-01,776,840,80,spectral_entropy,0.6724055220937051,
Economic,Norwegian_Board_of_Directors_net2mode_2006-12-01,776,840,60,spectral_entropy,0.6959057850629454,
Economic,Norwegian_Board_of_Directors_net2mode_2006-12-01,776,840,40,spectral_entropy,0.8301865201968189,
Economic,Norwegian_Board_of_Directors_net2mode_2006-12-01,776,840,20,spectral_entropy,0.9020651209932852,
Economic,Norwegian_Board_of_Directors_net2mode_2006-12-01,776,840,100,adamic_adar_entropy,-0.0,0.494047619047619
Economic,Norwegian_Board_of_Directors_net2mode_2006-12-01,776,840,100,seal_entropy,0.9102115292930304,0.7883538832199546
Economic,Norwegian_Board_of_Directors_net2mode_2007-01-01,795,859,100,spectral_entropy,0.5734455081713568,
Economic,Norwegian_Board_of_Directors_net2mode_2007-01-01,795,859,80,spectral_entropy,0.6459807657412449,
Economic,Norwegian_Board_of_Directors_net2mode_2007-01-01,795,859,60,spectral_entropy,0.6762422077211914,
Economic,Norwegian_Board_of_Directors_net2mode_2007-01-01,795,859,40,spectral_entropy,0.7747666704149331,
Economic,Norwegian_Board_of_Directors_net2mode_2007-01-01,795,859,20,spectral_entropy,0.8692971639950678,
Economic,Norwegian_Board_of_Directors_net2mode_2007-01-01,795,859,100,adamic_adar_entropy,,0.4941520467836257
Economic,Norwegian_Board_of_Directors_net2mode_2007-01-01,795,859,100,seal_entropy,0.7972796169950704,0.8708491501658631
Economic,Norwegian_Board_of_Directors_net2mode_2007-02-01,803,867,100,spectral_entropy,0.5705079971445659,
Economic,Norwegian_Board_of_Directors_net2mode_2007-02-01,803,867,80,spectral_entropy,0.6425857465598686,
Economic,Norwegian_Board_of_Directors_net2mode_2007-02-01,803,867,60,spectral_entropy,0.6790101477657112,
Economic,Norwegian_Board_of_Directors_net2mode_2007-02-01,803,867,40,spectral_entropy,0.7832941965783294,
Economic,Norwegian_Board_of_Directors_net2mode_2007-02-01,803,867,20,spectral_entropy,0.8577599506325209,
Economic,Norwegian_Board_of_Directors_net2mode_2007-02-01,803,867,100,adamic_adar_entropy,-0.0,0.4971098265895953
Economic,Norwegian_Board_of_Directors_net2mode_2007-02-01,803,867,100,seal_entropy,0.8781689766681493,0.7943466203347924
Economic,Norwegian_Board_of_Directors_net2mode_2007-03-01,805,871,100,spectral_entropy,0.5656829258932341,
Economic,Norwegian_Board_of_Directors_net2mode_2007-03-01,805,871,80,spectral_entropy,0.6484171891726563,
Economic,Norwegian_Board_of_Directors_net2mode_2007-03-01,805,871,60,spectral_entropy,0.6928258312840799,
Economic,Norwegian_Board_of_Directors_net2mode_2007-03-01,805,871,40,spectral_entropy,0.7861322733797063,
Economic,Norwegian_Board_of_Directors_net2mode_2007-03-01,805,871,20,spectral_entropy,0.8940717838419142,
Economic,Norwegian_Board_of_Directors_net2mode_2007-03-01,805,871,100,adamic_adar_entropy,,0.5
Economic,Norwegian_Board_of_Directors_net2mode_2007-03-01,805,871,100,seal_entropy,0.8766450026558221,0.775085876601929
Economic,Norwegian_Board_of_Directors_net2mode_2007-04-01,829,894,100,spectral_entropy,0.5817195108352228,
Economic,Norwegian_Board_of_Directors_net2mode_2007-04-01,829,894,80,spectral_entropy,0.6648851406016327,
Economic,Norwegian_Board_of_Directors_net2mode_2007-04-01,829,894,60,spectral_entropy,0.6958939851689095,
Economic,Norwegian_Board_of_Directors_net2mode_2007-04-01,829,894,40,spectral_entropy,0.7978413840537538,
Economic,Norwegian_Board_of_Directors_net2mode_2007-04-01,829,894,20,spectral_entropy,0.9077179060540126,
Economic,Norwegian_Board_of_Directors_net2mode_2007-04-01,829,894,100,adamic_adar_entropy,-0.0,0.5
Economic,Norwegian_Board_of_Directors_net2mode_2007-04-01,829,894,100,seal_entropy,0.8259108479613705,0.837773008458528
Economic,Norwegian_Board_of_Directors_net2mode_2007-05-01,842,906,100,spectral_entropy,0.5889251291823946,
Economic,Norwegian_Board_of_Directors_net2mode_2007-05-01,842,906,80,spectral_entropy,0.6701905824159837,
Economic,Norwegian_Board_of_Directors_net2mode_2007-05-01,842,906,60,spectral_entropy,0.728898523235334,
Economic,Norwegian_Board_of_Directors_net2mode_2007-05-01,842,906,40,spectral_entropy,0.8153514989237151,
Economic,Norwegian_Board_of_Directors_net2mode_2007-05-01,842,906,20,spectral_entropy,0.8821462043111528,
Economic,Norwegian_Board_of_Directors_net2mode_2007-05-01,842,906,100,adamic_adar_entropy,,0.5
Economic,Norwegian_Board_of_Directors_net2mode_2007-05-01,842,906,100,seal_entropy,0.8756990129686169,0.7974420805225726
Economic,Norwegian_Board_of_Directors_net2mode_2007-06-01,876,942,100,spectral_entropy,0.592593880994208,
Economic,Norwegian_Board_of_Directors_net2mode_2007-06-01,876,942,80,spectral_entropy,0.6683690202876821,
Economic,Norwegian_Board_of_Directors_net2mode_2007-06-01,876,942,60,spectral_entropy,0.6990891242074093,
Economic,Norwegian_Board_of_Directors_net2mode_2007-06-01,876,942,40,spectral_entropy,0.8247784065301217,
Economic,Norwegian_Board_of_Directors_net2mode_2007-06-01,876,942,20,spectral_entropy,0.8896139206090267,
Economic,Norwegian_Board_of_Directors_net2mode_2007-06-01,876,942,100,adamic_adar_entropy,,0.4973404255319149
Economic,Norwegian_Board_of_Directors_net2mode_2007-06-01,876,942,100,seal_entropy,0.8124209555790369,0.8408782254413761
Economic,Norwegian_Board_of_Directors_net2mode_2007-07-01,1024,1104,100,spectral_entropy,0.6171354015656713,
Economic,Norwegian_Board_of_Directors_net2mode_2007-07-01,1024,1104,80,spectral_entropy,0.7030557589302917,
Economic,Norwegian_Board_of_Directors_net2mode_2007-07-01,1024,1104,60,spectral_entropy,0.7386078457271166,
Economic,Norwegian_Board_of_Directors_net2mode_2007-07-01,1024,1104,40,spectral_entropy,0.8796581617979374,
Economic,Norwegian_Board_of_Directors_net2mode_2007-07-01,1024,1104,20,spectral_entropy,0.9528049866429208,
Economic,Norwegian_Board_of_Directors_net2mode_2007-07-01,1024,1104,100,adamic_adar_entropy,-0.0,0.5
Economic,Norwegian_Board_of_Directors_net2mode_2007-07-01,1024,1104,100,seal_entropy,0.9145468259100976,0.7665805785123967
Economic,Norwegian_Board_of_Directors_net2mode_2007-08-01,975,1055,100,spectral_entropy,0.6191894026857871,
Economic,Norwegian_Board_of_Directors_net2mode_2007-08-01,975,1055,80,spectral_entropy,0.7110921432345648,
Economic,Norwegian_Board_of_Directors_net2mode_2007-08-01,975,1055,60,spectral_entropy,0.7521219081766997,
Economic,Norwegian_Board_of_Directors_net2mode_2007-08-01,975,1055,40,spectral_entropy,0.8700364140801109,
Economic,Norwegian_Board_of_Directors_net2mode_2007-08-01,975,1055,20,spectral_entropy,0.969401819351282,
Economic,Norwegian_Board_of_Directors_net2mode_2007-08-01,975,1055,100,adamic_adar_entropy,-0.0,0.5
Economic,Norwegian_Board_of_Directors_net2mode_2007-08-01,975,1055,100,seal_entropy,0.8776550080670238,0.8292940410143528
Economic,Norwegian_Board_of_Directors_net2mode_2007-09-01,1001,1086,100,spectral_entropy,0.620415377817057,
Economic,Norwegian_Board_of_Directors_net2mode_2007-09-01,1001,1086,80,spectral_entropy,0.6978464893492737,
Economic,Norwegian_Board_of_Directors_net2mode_2007-09-01,1001,1086,60,spectral_entropy,0.7720368051396527,
Economic,Norwegian_Board_of_Directors_net2mode_2007-09-01,1001,1086,40,spectral_entropy,0.8968515235924707,
Economic,Norwegian_Board_of_Directors_net2mode_2007-09-01,1001,1086,20,spectral_entropy,0.958641706573792,
Economic,Norwegian_Board_of_Directors_net2mode_2007-09-01,1001,1086,100,adamic_adar_entropy,-0.0,0.4953917050691244
Economic,Norwegian_Board_of_Directors_net2mode_2007-09-01,1001,1086,100,seal_entropy,0.8881792251282964,0.8290789781052901
Economic,Norwegian_Board_of_Directors_net2mode_2007-10-01,1033,1117,100,spectral_entropy,0.6176247622044541,
Economic,Norwegian_Board_of_Directors_net2mode_2007-10-01,1033,1117,80,spectral_entropy,0.6983303676220043,
Economic,Norwegian_Board_of_Directors_net2mode_2007-10-01,1033,1117,60,spectral_entropy,0.7512009713350578,
Economic,Norwegian_Board_of_Directors_net2mode_2007-10-01,1033,1117,40,spectral_entropy,0.8781616661930088,
Economic,Norwegian_Board_of_Directors_net2mode_2007-10-01,1033,1117,20,spectral_entropy,0.9482009386407092,
Economic,Norwegian_Board_of_Directors_net2mode_2007-10-01,1033,1117,100,adamic_adar_entropy,-0.0,0.4977578475336323
Economic,Norwegian_Board_of_Directors_net2mode_2007-10-01,1033,1117,100,seal_entropy,0.8475741609839429,0.835005731062358
Economic,Norwegian_Board_of_Directors_net2mode_2007-11-01,1014,1098,100,spectral_entropy,0.6213835014974848,
Economic,Norwegian_Board_of_Directors_net2mode_2007-11-01,1014,1098,80,spectral_entropy,0.7079299892441576,
Economic,Norwegian_Board_of_Directors_net2mode_2007-11-01,1014,1098,60,spectral_entropy,0.7657826927206356,
Economic,Norwegian_Board_of_Directors_net2mode_2007-11-01,1014,1098,40,spectral_entropy,0.9148854799643054,
Economic,Norwegian_Board_of_Directors_net2mode_2007-11-01,1014,1098,20,spectral_entropy,0.9059139784946236,
Economic,Norwegian_Board_of_Directors_net2mode_2007-11-01,1014,1098,100,adamic_adar_entropy,-0.0,0.5
Economic,Norwegian_Board_of_Directors_net2mode_2007-11-01,1014,1098,100,seal_entropy,0.8944515162227594,0.8227205437751507
Economic,Norwegian_Board_of_Directors_net2mode_2007-12-01,1028,1122,100,spectral_entropy,0.6359056104295352,
Economic,Norwegian_Board_of_Directors_net2mode_2007-12-01,1028,1122,80,spectral_entropy,0.7122331691297209,
Economic,Norwegian_Board_of_Directors_net2mode_2007-12-01,1028,1122,60,spectral_entropy,0.7789468201468827,
Economic,Norwegian_Board_of_Directors_net2mode_2007-12-01,1028,1122,40,spectral_entropy,0.9164652382317996,
Economic,Norwegian_Board_of_Directors_net2mode_2007-12-01,1028,1122,20,spectral_entropy,0.9123526396719632,
Economic,Norwegian_Board_of_Directors_net2mode_2007-12-01,1028,1122,100,adamic_adar_entropy,-0.0,0.4933035714285714
Economic,Norwegian_Board_of_Directors_net2mode_2007-12-01,1028,1122,100,seal_entropy,0.8275327388654822,0.8584382971938775
Economic,Norwegian_Board_of_Directors_net2mode_2008-01-01,1066,1164,100,spectral_entropy,0.6354899837574445,
Economic,Norwegian_Board_of_Directors_net2mode_2008-01-01,1066,1164,80,spectral_entropy,0.7153190805336763,
Economic,Norwegian_Board_of_Directors_net2mode_2008-01-01,1066,1164,60,spectral_entropy,0.7870197687430064,
Economic,Norwegian_Board_of_Directors_net2mode_2008-01-01,1066,1164,40,spectral_entropy,0.8942619157797317,
Economic,Norwegian_Board_of_Directors_net2mode_2008-01-01,1066,1164,20,spectral_entropy,0.9838846480067854,
Economic,Norwegian_Board_of_Directors_net2mode_2008-01-01,1066,1164,100,adamic_adar_entropy,-0.0,0.5
Economic,Norwegian_Board_of_Directors_net2mode_2008-01-01,1066,1164,100,seal_entropy,0.8301632083254338,0.8619389120095124
Economic,Norwegian_Board_of_Directors_net2mode_2008-02-01,1100,1198,100,spectral_entropy,0.6546045675618525,
Economic,Norwegian_Board_of_Directors_net2mode_2008-02-01,1100,1198,80,spectral_entropy,0.7173067162916597,
Economic,Norwegian_Board_of_Directors_net2mode_2008-02-01,1100,1198,60,spectral_entropy,0.7964371165280837,
Economic,Norwegian_Board_of_Directors_net2mode_2008-02-01,1100,1198,40,spectral_entropy,0.9180437945312792,
Economic,Norwegian_Board_of_Directors_net2mode_2008-02-01,1100,1198,20,spectral_entropy,0.993351274339085,
Economic,Norwegian_Board_of_Directors_net2mode_2008-02-01,1100,1198,100,adamic_adar_entropy,,0.497907949790795
Economic,Norwegian_Board_of_Directors_net2mode_2008-02-01,1100,1198,100,seal_entropy,0.8656509289574531,0.8564363368988639
Economic,Norwegian_Board_of_Directors_net2mode_2008-03-01,1052,1146,100,spectral_entropy,0.6528144544822794,
Economic,Norwegian_Board_of_Directors_net2mode_2008-03-01,1052,1146,80,spectral_entropy,0.7254561251086012,
Economic,Norwegian_Board_of_Directors_net2mode_2008-03-01,1052,1146,60,spectral_entropy,0.7720615294031059,
Economic,Norwegian_Board_of_Directors_net2mode_2008-03-01,1052,1146,40,spectral_entropy,0.9187224499265332,
Economic,Norwegian_Board_of_Directors_net2mode_2008-03-01,1052,1146,20,spectral_entropy,0.965642250968114,
Economic,Norwegian_Board_of_Directors_net2mode_2008-03-01,1052,1146,100,adamic_adar_entropy,,0.4978165938864629
Economic,Norwegian_Board_of_Directors_net2mode_2008-03-01,1052,1146,100,seal_entropy,0.8922254836592914,0.7770542133063825
Economic,Norwegian_Board_of_Directors_net2mode_2008-04-01,1072,1159,100,spectral_entropy,0.6450329854205812,
Economic,Norwegian_Board_of_Directors_net2mode_2008-04-01,1072,1159,80,spectral_entropy,0.7277046385957276,
Economic,Norwegian_Board_of_Directors_net2mode_2008-04-01,1072,1159,60,spectral_entropy,0.7702201335641851,
Economic,Norwegian_Board_of_Directors_net2mode_2008-04-01,1072,1159,40,spectral_entropy,0.9080660835762876,
Economic,Norwegian_Board_of_Directors_net2mode_2008-04-01,1072,1159,20,spectral_entropy,0.936067350170876,
Economic,Norwegian_Board_of_Directors_net2mode_2008-04-01,1072,1159,100,adamic_adar_entropy,-0.0,0.4978354978354978
Economic,Norwegian_Board_of_Directors_net2mode_2008-04-01,1072,1159,100,seal_entropy,0.8505787765720144,0.8941923876988811
Economic,Norwegian_Board_of_Directors_net2mode_2008-05-01,1088,1177,100,spectral_entropy,0.6413080197283967,
Economic,Norwegian_Board_of_Directors_net2mode_2008-05-01,1088,1177,80,spectral_entropy,0.7281588188919946,
Economic,Norwegian_Board_of_Directors_net2mode_2008-05-01,1088,1177,60,spectral_entropy,0.7695308690139472,
Economic,Norwegian_Board_of_Directors_net2mode_2008-05-01,1088,1177,40,spectral_entropy,0.9147334936767786,
Economic,Norwegian_Board_of_Directors_net2mode_2008-05-01,1088,1177,20,spectral_entropy,0.97284318595794,
Economic,Norwegian_Board_of_Directors_net2mode_2008-05-01,1088,1177,100,adamic_adar_entropy,,0.4957446808510638
Economic,Norwegian_Board_of_Directors_net2mode_2008-05-01,1088,1177,100,seal_entropy,0.9023210198586992,0.8353282028066998
Economic,Norwegian_Board_of_Directors_net2mode_2008-06-01,1063,1148,100,spectral_entropy,0.6656346749226005,
Economic,Norwegian_Board_of_Directors_net2mode_2008-06-01,1063,1148,80,spectral_entropy,0.7486223897911832,
Economic,Norwegian_Board_of_Directors_net2mode_2008-06-01,1063,1148,60,spectral_entropy,0.7856858252814025,
Economic,Norwegian_Board_of_Directors_net2mode_2008-06-01,1063,1148,40,spectral_entropy,0.9357245004444787,
Economic,Norwegian_Board_of_Directors_net2mode_2008-06-01,1063,1148,20,spectral_entropy,0.9921925829538062,
Economic,Norwegian_Board_of_Directors_net2mode_2008-06-01,1063,1148,100,adamic_adar_entropy,,0.5
Economic,Norwegian_Board_of_Directors_net2mode_2008-06-01,1063,1148,100,seal_entropy,0.9073495107276296,0.7982017886767986
Economic,Norwegian_Board_of_Directors_net2mode_2008-07-01,1052,1132,100,spectral_entropy,0.670957452867802,
Economic,Norwegian_Board_of_Directors_net2mode_2008-07-01,1052,1132,80,spectral_entropy,0.7425472281876752,
Economic,Norwegian_Board_of_Directors_net2mode_2008-07-01,1052,1132,60,spectral_entropy,0.7895332746257391,
Economic,Norwegian_Board_of_Directors_net2mode_2008-07-01,1052,1132,40,spectral_entropy,0.9509261765729532,
Economic,Norwegian_Board_of_Directors_net2mode_2008-07-01,1052,1132,20,spectral_entropy,0.943089430894309,
Economic,Norwegian_Board_of_Directors_net2mode_2008-07-01,1052,1132,100,adamic_adar_entropy,,0.5
Economic,Norwegian_Board_of_Directors_net2mode_2008-07-01,1052,1132,100,seal_entropy,0.9004541447318161,0.7886972354922077
Economic,Norwegian_Board_of_Directors_net2mode_2008-08-01,1043,1120,100,spectral_entropy,0.670739633432991,
Economic,Norwegian_Board_of_Directors_net2mode_2008-08-01,1043,1120,80,spectral_entropy,0.7529101119416861,
Economic,Norwegian_Board_of_Directors_net2mode_2008-08-01,1043,1120,60,spectral_entropy,0.7943273206991908,
Economic,Norwegian_Board_of_Directors_net2mode_2008-08-01,1043,1120,40,spectral_entropy,0.9355003336866484,
Economic,Norwegian_Board_of_Directors_net2mode_2008-08-01,1043,1120,20,spectral_entropy,0.99477308553887,
Economic,Norwegian_Board_of_Directors_net2mode_2008-08-01,1043,1120,100,adamic_adar_entropy,-0.0,0.5
Economic,Norwegian_Board_of_Directors_net2mode_2008-08-01,1043,1120,100,seal_entropy,0.9236313424688012,0.7930086096938775
Economic,Norwegian_Board_of_Directors_net2mode_2008-09-01,1049,1126,100,spectral_entropy,0.6604294348275325,
Economic,Norwegian_Board_of_Directors_net2mode_2008-09-01,1049,1126,80,spectral_entropy,0.7422404631902965,
Economic,Norwegian_Board_of_Directors_net2mode_2008-09-01,1049,1126,60,spectral_entropy,0.804919937364247,
Economic,Norwegian_Board_of_Directors_net2mode_2008-09-01,1049,1126,40,spectral_entropy,0.9524743926847457,
Economic,Norwegian_Board_of_Directors_net2mode_2008-09-01,1049,1126,20,spectral_entropy,0.97631426920855,
Economic,Norwegian_Board_of_Directors_net2mode_2008-09-01,1049,1126,100,adamic_adar_entropy,,0.5
Economic,Norwegian_Board_of_Directors_net2mode_2008-09-01,1049,1126,100,seal_entropy,0.8681598598407344,0.8072592592592592
Economic,Norwegian_Board_of_Directors_net2mode_2008-10-01,1066,1142,100,spectral_entropy,0.6640689999445337,
Economic,Norwegian_Board_of_Directors_net2mode_2008-10-01,1066,1142,80,spectral_entropy,0.7632855487981465,
Economic,Norwegian_Board_of_Directors_net2mode_2008-10-01,1066,1142,60,spectral_entropy,0.8226631723449395,
Economic,Norwegian_Board_of_Directors_net2mode_2008-10-01,1066,1142,40,spectral_entropy,0.9298292936688376,
Economic,Norwegian_Board_of_Directors_net2mode_2008-10-01,1066,1142,20,spectral_entropy,0.9420930045779456,
Economic,Norwegian_Board_of_Directors_net2mode_2008-10-01,1066,1142,100,adamic_adar_entropy,,0.5
Economic,Norwegian_Board_of_Directors_net2mode_2008-10-01,1066,1142,100,seal_entropy,0.8741494864290542,0.8263311788242536
Economic,Norwegian_Board_of_Directors_net2mode_2008-11-01,1056,1136,100,spectral_entropy,0.6704813856709031,
Economic,Norwegian_Board_of_Directors_net2mode_2008-11-01,1056,1136,80,spectral_entropy,0.7709154621112572,
Economic,Norwegian_Board_of_Directors_net2mode_2008-11-01,1056,1136,60,spectral_entropy,0.8264235076028958,
Economic,Norwegian_Board_of_Directors_net2mode_2008-11-01,1056,1136,40,spectral_entropy,0.945951159291694,
Economic,Norwegian_Board_of_Directors_net2mode_2008-11-01,1056,1136,20,spectral_entropy,0.9980318189273412,
Economic,Norwegian_Board_of_Directors_net2mode_2008-11-01,1056,1136,100,adamic_adar_entropy,-0.0,0.5
Economic,Norwegian_Board_of_Directors_net2mode_2008-11-01,1056,1136,100,seal_entropy,0.9169912857625384,0.788119311455685
Economic,Norwegian_Board_of_Directors_net2mode_2008-12-01,1052,1131,100,spectral_entropy,0.663141567963903,
Economic,Norwegian_Board_of_Directors_net2mode_2008-12-01,1052,1131,80,spectral_entropy,0.7641493897418069,
Economic,Norwegian_Board_of_Directors_net2mode_2008-12-01,1052,1131,60,spectral_entropy,0.8179709132636516,
Economic,Norwegian_Board_of_Directors_net2mode_2008-12-01,1052,1131,40,spectral_entropy,0.9472572188747164,
Economic,Norwegian_Board_of_Directors_net2mode_2008-12-01,1052,1131,20,spectral_entropy,1.009043711271144,
Economic,Norwegian_Board_of_Directors_net2mode_2008-12-01,1052,1131,100,adamic_adar_entropy,-0.0,0.5
Economic,Norwegian_Board_of_Directors_net2mode_2008-12-01,1052,1131,100,seal_entropy,0.8643379636431907,0.8441440206750724
Economic,Norwegian_Board_of_Directors_net2mode_2009-01-01,1030,1104,100,spectral_entropy,0.6561954624781849,
Economic,Norwegian_Board_of_Directors_net2mode_2009-01-01,1030,1104,80,spectral_entropy,0.7544740081431682,
Economic,Norwegian_Board_of_Directors_net2mode_2009-01-01,1030,1104,60,spectral_entropy,0.8080413016270338,
Economic,Norwegian_Board_of_Directors_net2mode_2009-01-01,1030,1104,40,spectral_entropy,0.9182979064088708,
Economic,Norwegian_Board_of_Directors_net2mode_2009-01-01,1030,1104,20,spectral_entropy,0.9924580047994516,
Economic,Norwegian_Board_of_Directors_net2mode_2009-01-01,1030,1104,100,adamic_adar_entropy,,0.4954545454545455
Economic,Norwegian_Board_of_Directors_net2mode_2009-01-01,1030,1104,100,seal_entropy,0.8910637411077846,0.8115495867768595
Economic,Norwegian_Board_of_Directors_net2mode_2009-02-01,1039,1119,100,spectral_entropy,0.6551709297488058,
Economic,Norwegian_Board_of_Directors_net2mode_2009-02-01,1039,1119,80,spectral_entropy,0.7465436073016877,
Economic,Norwegian_Board_of_Directors_net2mode_2009-02-01,1039,1119,60,spectral_entropy,0.814492602625547,
Economic,Norwegian_Board_of_Directors_net2mode_2009-02-01,1039,1119,40,spectral_entropy,0.9171040506430546,
Economic,Norwegian_Board_of_Directors_net2mode_2009-02-01,1039,1119,20,spectral_entropy,0.9970080957409362,
Economic,Norwegian_Board_of_Directors_net2mode_2009-02-01,1039,1119,100,adamic_adar_entropy,,0.4955156950672645
Economic,Norwegian_Board_of_Directors_net2mode_2009-02-01,1039,1119,100,seal_entropy,0.8826981303740901,0.8725793802409058
Economic,Norwegian_Board_of_Directors_net2mode_2009-03-01,1047,1129,100,spectral_entropy,0.6502327281931574,
Economic,Norwegian_Board_of_Directors_net2mode_2009-03-01,1047,1129,80,spectral_entropy,0.7402042575038047,
Economic,Norwegian_Board_of_Directors_net2mode_2009-03-01,1047,1129,60,spectral_entropy,0.8039110566490516,
Economic,Norwegian_Board_of_Directors_net2mode_2009-03-01,1047,1129,40,spectral_entropy,0.9088383537722744,
Economic,Norwegian_Board_of_Directors_net2mode_2009-03-01,1047,1129,20,spectral_entropy,0.9822565582816876,
Economic,Norwegian_Board_of_Directors_net2mode_2009-03-01,1047,1129,100,adamic_adar_entropy,-0.0,0.4977777777777777
Economic,Norwegian_Board_of_Directors_net2mode_2009-03-01,1047,1129,100,seal_entropy,0.8870669860732263,0.8014320987654321
Economic,Norwegian_Board_of_Directors_net2mode_2009-04-01,1018,1102,100,spectral_entropy,0.6602588448391714,
Economic,Norwegian_Board_of_Directors_net2mode_2009-04-01,1018,1102,80,spectral_entropy,0.7482800867024786,
Economic,Norwegian_Board_of_Directors_net2mode_2009-04-01,1018,1102,60,spectral_entropy,0.8214766517963202,
Economic,Norwegian_Board_of_Directors_net2mode_2009-04-01,1018,1102,40,spectral_entropy,0.9370669275291432,
Economic,Norwegian_Board_of_Directors_net2mode_2009-04-01,1018,1102,20,spectral_entropy,0.9787457360272894,
Economic,Norwegian_Board_of_Directors_net2mode_2009-04-01,1018,1102,100,adamic_adar_entropy,,0.4954545454545455
Economic,Norwegian_Board_of_Directors_net2mode_2009-04-01,1018,1102,100,seal_entropy,0.8882775600415678,0.8314979338842976
Economic,Norwegian_Board_of_Directors_net2mode_2009-05-01,1017,1101,100,spectral_entropy,0.6574592108731948,
Economic,Norwegian_Board_of_Directors_net2mode_2009-05-01,1017,1101,80,spectral_entropy,0.7506808896958693,
Economic,Norwegian_Board_of_Directors_net2mode_2009-05-01,1017,1101,60,spectral_entropy,0.8161706610481959,
Economic,Norwegian_Board_of_Directors_net2mode_2009-05-01,1017,1101,40,spectral_entropy,0.9366006085025904,
Economic,Norwegian_Board_of_Directors_net2mode_2009-05-01,1017,1101,20,spectral_entropy,0.9752903169475248,
Economic,Norwegian_Board_of_Directors_net2mode_2009-05-01,1017,1101,100,adamic_adar_entropy,-0.0,0.4977272727272727
Economic,Norwegian_Board_of_Directors_net2mode_2009-05-01,1017,1101,100,seal_entropy,0.8617861572921054,0.8482747933884297
Economic,Norwegian_Board_of_Directors_net2mode_2009-06-01,1008,1089,100,spectral_entropy,0.661227615457116,
Economic,Norwegian_Board_of_Directors_net2mode_2009-06-01,1008,1089,80,spectral_entropy,0.7584708617601098,
Economic,Norwegian_Board_of_Directors_net2mode_2009-06-01,1008,1089,60,spectral_entropy,0.8200559801916245,
Economic,Norwegian_Board_of_Directors_net2mode_2009-06-01,1008,1089,40,spectral_entropy,0.9312409663431758,
Economic,Norwegian_Board_of_Directors_net2mode_2009-06-01,1008,1089,20,spectral_entropy,0.97841857091041,
Economic,Norwegian_Board_of_Directors_net2mode_2009-06-01,1008,1089,100,adamic_adar_entropy,-0.0,0.5
Economic,Norwegian_Board_of_Directors_net2mode_2009-06-01,1008,1089,100,seal_entropy,0.8395384014341462,0.8145214381278005
Economic,Norwegian_Board_of_Directors_net2mode_2009-07-01,1042,1125,100,spectral_entropy,0.6659283239620605,
Economic,Norwegian_Board_of_Directors_net2mode_2009-07-01,1042,1125,80,spectral_entropy,0.7758924432081595,
Economic,Norwegian_Board_of_Directors_net2mode_2009-07-01,1042,1125,60,spectral_entropy,0.8129731372002937,
Economic,Norwegian_Board_of_Directors_net2mode_2009-07-01,1042,1125,40,spectral_entropy,0.9409044595971472,
Economic,Norwegian_Board_of_Directors_net2mode_2009-07-01,1042,1125,20,spectral_entropy,1.002828490614554,
Economic,Norwegian_Board_of_Directors_net2mode_2009-07-01,1042,1125,100,adamic_adar_entropy,,0.5
Economic,Norwegian_Board_of_Directors_net2mode_2009-07-01,1042,1125,100,seal_entropy,0.8636425806003043,0.8345777777777779
Economic,Norwegian_Board_of_Directors_net2mode_2009-08-01,1025,1106,100,spectral_entropy,0.6622247972190035,
Economic,Norwegian_Board_of_Directors_net2mode_2009-08-01,1025,1106,80,spectral_entropy,0.7725645374034295,
Economic,Norwegian_Board_of_Directors_net2mode_2009-08-01,1025,1106,60,spectral_entropy,0.8209573091849935,
Economic,Norwegian_Board_of_Directors_net2mode_2009-08-01,1025,1106,40,spectral_entropy,0.9392986896354656,
Economic,Norwegian_Board_of_Directors_net2mode_2009-08-01,1025,1106,20,spectral_entropy,0.989888238424694,
Economic,Norwegian_Board_of_Directors_net2mode_2009-08-01,1025,1106,100,adamic_adar_entropy,-0.0,0.497737556561086
Economic,Norwegian_Board_of_Directors_net2mode_2009-08-01,1025,1106,100,seal_entropy,0.8494217082688095,0.8036588112446511
Economic,Norwegian_Board_of_Directors_net2mode_2009-09-01,1021,1102,100,spectral_entropy,0.6644813519813519,
Economic,Norwegian_Board_of_Directors_net2mode_2009-09-01,1021,1102,80,spectral_entropy,0.7686180804460374,
Economic,Norwegian_Board_of_Directors_net2mode_2009-09-01,1021,1102,60,spectral_entropy,0.8125327739905611,
Economic,Norwegian_Board_of_Directors_net2mode_2009-09-01,1021,1102,40,spectral_entropy,0.9186179793679384,
Economic,Norwegian_Board_of_Directors_net2mode_2009-09-01,1021,1102,20,spectral_entropy,0.9514476614699332,
Economic,Norwegian_Board_of_Directors_net2mode_2009-09-01,1021,1102,100,adamic_adar_entropy,-0.0,0.4954545454545455
Economic,Norwegian_Board_of_Directors_net2mode_2009-09-01,1021,1102,100,seal_entropy,0.8883811389176054,0.8397830578512396
Economic,Norwegian_Board_of_Directors_net2mode_2009-10-01,1015,1090,100,spectral_entropy,0.6434603804068444,
Economic,Norwegian_Board_of_Directors_net2mode_2009-10-01,1015,1090,80,spectral_entropy,0.7419274856478038,
Economic,Norwegian_Board_of_Directors_net2mode_2009-10-01,1015,1090,60,spectral_entropy,0.776259335769903,
Economic,Norwegian_Board_of_Directors_net2mode_2009-10-01,1015,1090,40,spectral_entropy,0.9047221061429168,
Economic,Norwegian_Board_of_Directors_net2mode_2009-10-01,1015,1090,20,spectral_entropy,0.9410150891632372,
Economic,Norwegian_Board_of_Directors_net2mode_2009-10-01,1015,1090,100,adamic_adar_entropy,,0.4977064220183486
Economic,Norwegian_Board_of_Directors_net2mode_2009-10-01,1015,1090,100,seal_entropy,0.8565635844258876,0.7869602727043179
Economic,Norwegian_Board_of_Directors_net2mode_2009-11-01,983,1057,100,spectral_entropy,0.6571450510635031,
Economic,Norwegian_Board_of_Directors_net2mode_2009-11-01,983,1057,80,spectral_entropy,0.7521097663178,
Economic,Norwegian_Board_of_Directors_net2mode_2009-11-01,983,1057,60,spectral_entropy,0.783522696086503,
Economic,Norwegian_Board_of_Directors_net2mode_2009-11-01,983,1057,40,spectral_entropy,0.9090523458047,
Economic,Norwegian_Board_of_Directors_net2mode_2009-11-01,983,1057,20,spectral_entropy,0.9336840127747512,
Economic,Norwegian_Board_of_Directors_net2mode_2009-11-01,983,1057,100,adamic_adar_entropy,-0.0,0.5
Economic,Norwegian_Board_of_Directors_net2mode_2009-11-01,983,1057,100,seal_entropy,0.8661062760936251,0.8133015880146447
Economic,Norwegian_Board_of_Directors_net2mode_2009-12-01,977,1052,100,spectral_entropy,0.6551771722964167,
Economic,Norwegian_Board_of_Directors_net2mode_2009-12-01,977,1052,80,spectral_entropy,0.7444616177228233,
Economic,Norwegian_Board_of_Directors_net2mode_2009-12-01,977,1052,60,spectral_entropy,0.7680470445989394,
Economic,Norwegian_Board_of_Directors_net2mode_2009-12-01,977,1052,40,spectral_entropy,0.9113152472527472,
Economic,Norwegian_Board_of_Directors_net2mode_2009-12-01,977,1052,20,spectral_entropy,0.9360030657214026,
Economic,Norwegian_Board_of_Directors_net2mode_2009-12-01,977,1052,100,adamic_adar_entropy,,0.5
Economic,Norwegian_Board_of_Directors_net2mode_2009-12-01,977,1052,100,seal_entropy,0.9019868143900656,0.7897052154195012
Economic,Norwegian_Board_of_Directors_net2mode_2010-01-01,964,1045,100,spectral_entropy,0.6713495368931435,
Economic,Norwegian_Board_of_Directors_net2mode_2010-01-01,964,1045,80,spectral_entropy,0.7591518303660733,
Economic,Norwegian_Board_of_Directors_net2mode_2010-01-01,964,1045,60,spectral_entropy,0.773365511189118,
Economic,Norwegian_Board_of_Directors_net2mode_2010-01-01,964,1045,40,spectral_entropy,0.914857808656626,
Economic,Norwegian_Board_of_Directors_net2mode_2010-01-01,964,1045,20,spectral_entropy,0.941686746987952,
Economic,Norwegian_Board_of_Directors_net2mode_2010-01-01,964,1045,100,adamic_adar_entropy,,0.5
Economic,Norwegian_Board_of_Directors_net2mode_2010-01-01,964,1045,100,seal_entropy,0.837554104629422,0.8759529314805065
Economic,Norwegian_Board_of_Directors_net2mode_2010-02-01,971,1052,100,spectral_entropy,0.6615620214395099,
Economic,Norwegian_Board_of_Directors_net2mode_2010-02-01,971,1052,80,spectral_entropy,0.7472742131595209,
Economic,Norwegian_Board_of_Directors_net2mode_2010-02-01,971,1052,60,spectral_entropy,0.7675563899545615,
Economic,Norwegian_Board_of_Directors_net2mode_2010-02-01,971,1052,40,spectral_entropy,0.8993729220150667,
Economic,Norwegian_Board_of_Directors_net2mode_2010-02-01,971,1052,20,spectral_entropy,0.963186140664721,
Economic,Norwegian_Board_of_Directors_net2mode_2010-02-01,971,1052,100,adamic_adar_entropy,,0.4952380952380952
Economic,Norwegian_Board_of_Directors_net2mode_2010-02-01,971,1052,100,seal_entropy,0.8523626819227887,0.8195804988662132
Economic,Norwegian_Board_of_Directors_net2mode_2010-03-01,969,1045,100,spectral_entropy,0.6606708350016941,
Economic,Norwegian_Board_of_Directors_net2mode_2010-03-01,969,1045,80,spectral_entropy,0.7448849104859335,
Economic,Norwegian_Board_of_Directors_net2mode_2010-03-01,969,1045,60,spectral_entropy,0.77065692622724,
Economic,Norwegian_Board_of_Directors_net2mode_2010-03-01,969,1045,40,spectral_entropy,0.9050047540841905,
Economic,Norwegian_Board_of_Directors_net2mode_2010-03-01,969,1045,20,spectral_entropy,0.9176722460101208,
Economic,Norwegian_Board_of_Directors_net2mode_2010-03-01,969,1045,100,adamic_adar_entropy,,0.5
Economic,Norwegian_Board_of_Directors_net2mode_2010-03-01,969,1045,100,seal_entropy,0.8475422298027315,0.8610952130216799
Economic,Norwegian_Board_of_Directors_net2mode_2010-04-01,977,1053,100,spectral_entropy,0.6446989195937303,
Economic,Norwegian_Board_of_Directors_net2mode_2010-04-01,977,1053,80,spectral_entropy,0.7284661539081061,
Economic,Norwegian_Board_of_Directors_net2mode_2010-04-01,977,1053,60,spectral_entropy,0.7548728113643871,
Economic,Norwegian_Board_of_Directors_net2mode_2010-04-01,977,1053,40,spectral_entropy,0.8861141011840689,
Economic,Norwegian_Board_of_Directors_net2mode_2010-04-01,977,1053,20,spectral_entropy,0.9054928081861184,
Economic,Norwegian_Board_of_Directors_net2mode_2010-04-01,977,1053,100,adamic_adar_entropy,,0.5
Economic,Norwegian_Board_of_Directors_net2mode_2010-04-01,977,1053,100,seal_entropy,0.8314439973112754,0.8546598639455782
Economic,Norwegian_Board_of_Directors_net2mode_2010-05-01,971,1046,100,spectral_entropy,0.6371143924017291,
Economic,Norwegian_Board_of_Directors_net2mode_2010-05-01,971,1046,80,spectral_entropy,0.7182996828964797,
Economic,Norwegian_Board_of_Directors_net2mode_2010-05-01,971,1046,60,spectral_entropy,0.7417244464325654,
Economic,Norwegian_Board_of_Directors_net2mode_2010-05-01,971,1046,40,spectral_entropy,0.8824168658987177,
Economic,Norwegian_Board_of_Directors_net2mode_2010-05-01,971,1046,20,spectral_entropy,0.9090039230695628,
Economic,Norwegian_Board_of_Directors_net2mode_2010-05-01,971,1046,100,adamic_adar_entropy,,0.4976076555023923
Economic,Norwegian_Board_of_Directors_net2mode_2010-05-01,971,1046,100,seal_entropy,0.8529847134627777,0.8437306838213411
Economic,Norwegian_Board_of_Directors_net2mode_2010-06-01,937,1014,100,spectral_entropy,0.6291767496273979,
Economic,Norwegian_Board_of_Directors_net2mode_2010-06-01,937,1014,80,spectral_entropy,0.701440329218107,
Economic,Norwegian_Board_of_Directors_net2mode_2010-06-01,937,1014,60,spectral_entropy,0.7408481754365609,
Economic,Norwegian_Board_of_Directors_net2mode_2010-06-01,937,1014,40,spectral_entropy,0.8542668804560841,
Economic,Norwegian_Board_of_Directors_net2mode_2010-06-01,937,1014,20,spectral_entropy,0.9061802658387504,
Economic,Norwegian_Board_of_Directors_net2mode_2010-06-01,937,1014,100,adamic_adar_entropy,,0.4975247524752475
Economic,Norwegian_Board_of_Directors_net2mode_2010-06-01,937,1014,100,seal_entropy,0.8766558343995318,0.7882192922262523
Economic,Norwegian_Board_of_Directors_net2mode_2010-07-01,934,1014,100,spectral_entropy,0.6412367508113379,
Economic,Norwegian_Board_of_Directors_net2mode_2010-07-01,934,1014,80,spectral_entropy,0.7277121374865736,
Economic,Norwegian_Board_of_Directors_net2mode_2010-07-01,934,1014,60,spectral_entropy,0.768454149479332,
Economic,Norwegian_Board_of_Directors_net2mode_2010-07-01,934,1014,40,spectral_entropy,0.9102211171299176,
Economic,Norwegian_Board_of_Directors_net2mode_2010-07-01,934,1014,20,spectral_entropy,0.9417775207248892,
Economic,Norwegian_Board_of_Directors_net2mode_2010-07-01,934,1014,100,adamic_adar_entropy,,0.4975247524752475
Economic,Norwegian_Board_of_Directors_net2mode_2010-07-01,934,1014,100,seal_entropy,0.8064340078218104,0.8684442701695912
Economic,Norwegian_Board_of_Directors_net2mode_2010-08-01,935,1024,100,spectral_entropy,0.6704327266379981,
Economic,Norwegian_Board_of_Directors_net2mode_2010-08-01,935,1024,80,spectral_entropy,0.7684546484093483,
Economic,Norwegian_Board_of_Directors_net2mode_2010-08-01,935,1024,60,spectral_entropy,0.7968297255837737,
Economic,Norwegian_Board_of_Directors_net2mode_2010-08-01,935,1024,40,spectral_entropy,0.9129231985245684,
Economic,Norwegian_Board_of_Directors_net2mode_2010-08-01,935,1024,20,spectral_entropy,0.987505784359093,
Economic,Norwegian_Board_of_Directors_net2mode_2010-08-01,935,1024,100,adamic_adar_entropy,-0.0,0.4975490196078431
Economic,Norwegian_Board_of_Directors_net2mode_2010-08-01,935,1024,100,seal_entropy,0.8428760582708901,0.8023356401384083
Economic,Norwegian_Board_of_Directors_net2mode_2010-09-01,1002,1090,100,spectral_entropy,0.6658453683226218,
Economic,Norwegian_Board_of_Directors_net2mode_2010-09-01,1002,1090,80,spectral_entropy,0.7611498424219272,
Economic,Norwegian_Board_of_Directors_net2mode_2010-09-01,1002,1090,60,spectral_entropy,0.8016068896707452,
Economic,Norwegian_Board_of_Directors_net2mode_2010-09-01,1002,1090,40,spectral_entropy,0.903066790577397,
Economic,Norwegian_Board_of_Directors_net2mode_2010-09-01,1002,1090,20,spectral_entropy,0.9433209911706067,
Economic,Norwegian_Board_of_Directors_net2mode_2010-09-01,1002,1090,100,adamic_adar_entropy,-0.0,0.5
Economic,Norwegian_Board_of_Directors_net2mode_2010-09-01,1002,1090,100,seal_entropy,0.8760201207893609,0.8113479505092163
Economic,Norwegian_Board_of_Directors_net2mode_2010-10-01,990,1073,100,spectral_entropy,0.6562794383719366,
Economic,Norwegian_Board_of_Directors_net2mode_2010-10-01,990,1073,80,spectral_entropy,0.756711669770329,
Economic,Norwegian_Board_of_Directors_net2mode_2010-10-01,990,1073,60,spectral_entropy,0.7937151820001082,
Economic,Norwegian_Board_of_Directors_net2mode_2010-10-01,990,1073,40,spectral_entropy,0.8971207133630568,
Economic,Norwegian_Board_of_Directors_net2mode_2010-10-01,990,1073,20,spectral_entropy,0.9573810994441012,
Economic,Norwegian_Board_of_Directors_net2mode_2010-10-01,990,1073,100,adamic_adar_entropy,,0.5
Economic,Norwegian_Board_of_Directors_net2mode_2010-10-01,990,1073,100,seal_entropy,0.9000241496448445,0.82295396977902
Economic,Norwegian_Board_of_Directors_net2mode_2010-11-01,987,1070,100,spectral_entropy,0.6621509746368631,
Economic,Norwegian_Board_of_Directors_net2mode_2010-11-01,987,1070,80,spectral_entropy,0.766684400307383,
Economic,Norwegian_Board_of_Directors_net2mode_2010-11-01,987,1070,60,spectral_entropy,0.8040871934604905,
Economic,Norwegian_Board_of_Directors_net2mode_2010-11-01,987,1070,40,spectral_entropy,0.908977969189995,
Economic,Norwegian_Board_of_Directors_net2mode_2010-11-01,987,1070,20,spectral_entropy,0.955379632961497,
Economic,Norwegian_Board_of_Directors_net2mode_2010-11-01,987,1070,100,adamic_adar_entropy,-0.0,0.5
Economic,Norwegian_Board_of_Directors_net2mode_2010-11-01,987,1070,100,seal_entropy,0.9194387722579712,0.8037383177570094
Economic,Norwegian_Board_of_Directors_net2mode_2010-12-01,979,1062,100,spectral_entropy,0.6641296902351778,
Economic,Norwegian_Board_of_Directors_net2mode_2010-12-01,979,1062,80,spectral_entropy,0.7587110911118502,
Economic,Norwegian_Board_of_Directors_net2mode_2010-12-01,979,1062,60,spectral_entropy,0.7970365545876414,
Economic,Norwegian_Board_of_Directors_net2mode_2010-12-01,979,1062,40,spectral_entropy,0.9183326244151424,
Economic,Norwegian_Board_of_Directors_net2mode_2010-12-01,979,1062,20,spectral_entropy,0.9506978430306324,
Economic,Norwegian_Board_of_Directors_net2mode_2010-12-01,979,1062,100,adamic_adar_entropy,,0.5
Economic,Norwegian_Board_of_Directors_net2mode_2010-12-01,979,1062,100,seal_entropy,0.8270362588768089,0.7837642399430402
Economic,Norwegian_Board_of_Directors_net2mode_2011-01-01,993,1080,100,spectral_entropy,0.6608905005350136,
Economic,Norwegian_Board_of_Directors_net2mode_2011-01-01,993,1080,80,spectral_entropy,0.7432301553480803,
Economic,Norwegian_Board_of_Directors_net2mode_2011-01-01,993,1080,60,spectral_entropy,0.7813326282390269,
Economic,Norwegian_Board_of_Directors_net2mode_2011-01-01,993,1080,40,spectral_entropy,0.906899791658156,
Economic,Norwegian_Board_of_Directors_net2mode_2011-01-01,993,1080,20,spectral_entropy,0.9716671107558396,
Economic,Norwegian_Board_of_Directors_net2mode_2011-01-01,993,1080,100,adamic_adar_entropy,,0.5
Economic,Norwegian_Board_of_Directors_net2mode_2011-01-01,993,1080,100,seal_entropy,0.8538075133352689,0.8306005658436215
Economic,Norwegian_Board_of_Directors_net2mode_2011-02-01,991,1078,100,spectral_entropy,0.661565820344606,
Economic,Norwegian_Board_of_Directors_net2mode_2011-02-01,991,1078,80,spectral_entropy,0.7308377896613191,
Economic,Norwegian_Board_of_Directors_net2mode_2011-02-01,991,1078,60,spectral_entropy,0.7731087930063555,
Economic,Norwegian_Board_of_Directors_net2mode_2011-02-01,991,1078,40,spectral_entropy,0.9074799093344325,
Economic,Norwegian_Board_of_Directors_net2mode_2011-02-01,991,1078,20,spectral_entropy,0.9370529327610873,
Economic,Norwegian_Board_of_Directors_net2mode_2011-02-01,991,1078,100,adamic_adar_entropy,-0.0,0.5
Economic,Norwegian_Board_of_Directors_net2mode_2011-02-01,991,1078,100,seal_entropy,0.8775299318910227,0.8351757706868578
Economic,Norwegian_Board_of_Directors_net2mode_2011-03-01,987,1072,100,spectral_entropy,0.6630442985435061,
Economic,Norwegian_Board_of_Directors_net2mode_2011-03-01,987,1072,80,spectral_entropy,0.7324703765984905,
Economic,Norwegian_Board_of_Directors_net2mode_2011-03-01,987,1072,60,spectral_entropy,0.7696047975364002,
Economic,Norwegian_Board_of_Directors_net2mode_2011-03-01,987,1072,40,spectral_entropy,0.8975327291037262,
Economic,Norwegian_Board_of_Directors_net2mode_2011-03-01,987,1072,20,spectral_entropy,0.9411337209302326,
Economic,Norwegian_Board_of_Directors_net2mode_2011-03-01,987,1072,100,adamic_adar_entropy,-0.0,0.4976635514018692
Economic,Norwegian_Board_of_Directors_net2mode_2011-03-01,987,1072,100,seal_entropy,0.8603502088804345,0.8467005852039481
Economic,Norwegian_Board_of_Directors_net2mode_2011-04-01,985,1070,100,spectral_entropy,0.6585292796165942,
Economic,Norwegian_Board_of_Directors_net2mode_2011-04-01,985,1070,80,spectral_entropy,0.7297344821522771,
Economic,Norwegian_Board_of_Directors_net2mode_2011-04-01,985,1070,60,spectral_entropy,0.7562323137043525,
Economic,Norwegian_Board_of_Directors_net2mode_2011-04-01,985,1070,40,spectral_entropy,0.8983122362869198,
Economic,Norwegian_Board_of_Directors_net2mode_2011-04-01,985,1070,20,spectral_entropy,0.9170266378689704,
Economic,Norwegian_Board_of_Directors_net2mode_2011-04-01,985,1070,100,adamic_adar_entropy,,0.4953271028037383
Economic,Norwegian_Board_of_Directors_net2mode_2011-04-01,985,1070,100,seal_entropy,0.8924589447217749,0.8011725914927068
Economic,Norwegian_Board_of_Directors_net2mode_2011-05-01,981,1060,100,spectral_entropy,0.6568654308586734,
Economic,Norwegian_Board_of_Directors_net2mode_2011-05-01,981,1060,80,spectral_entropy,0.7433152968126703,
Economic,Norwegian_Board_of_Directors_net2mode_2011-05-01,981,1060,60,spectral_entropy,0.7687508476875085,
Economic,Norwegian_Board_of_Directors_net2mode_2011-05-01,981,1060,40,spectral_entropy,0.9048263037782098,
Economic,Norwegian_Board_of_Directors_net2mode_2011-05-01,981,1060,20,spectral_entropy,0.9712460063897764,
Economic,Norwegian_Board_of_Directors_net2mode_2011-05-01,981,1060,100,adamic_adar_entropy,-0.0,0.5
Economic,Norwegian_Board_of_Directors_net2mode_2011-05-01,981,1060,100,seal_entropy,0.8742681654776298,0.8025431648273407
Economic,Norwegian_Board_of_Directors_net2mode_2011-06-01,1016,1095,100,spectral_entropy,0.6580737662945677,
Economic,Norwegian_Board_of_Directors_net2mode_2011-06-01,1016,1095,80,spectral_entropy,0.7446238616361828,
Economic,Norwegian_Board_of_Directors_net2mode_2011-06-01,1016,1095,60,spectral_entropy,0.7891740155186568,
Economic,Norwegian_Board_of_Directors_net2mode_2011-06-01,1016,1095,40,spectral_entropy,0.9430400525279052,
Economic,Norwegian_Board_of_Directors_net2mode_2011-06-01,1016,1095,20,spectral_entropy,0.9503508304467536,
Economic,Norwegian_Board_of_Directors_net2mode_2011-06-01,1016,1095,100,adamic_adar_entropy,,0.497716894977169
Economic,Norwegian_Board_of_Directors_net2mode_2011-06-01,1016,1095,100,seal_entropy,0.889641374201391,0.7886928963115865
Economic,Norwegian_Board_of_Directors_net2mode_2011-07-01,1059,1141,100,spectral_entropy,0.6523316495967404,
Economic,Norwegian_Board_of_Directors_net2mode_2011-07-01,1059,1141,80,spectral_entropy,0.74812016419049,
Economic,Norwegian_Board_of_Directors_net2mode_2011-07-01,1059,1141,60,spectral_entropy,0.7788154214942069,
Economic,Norwegian_Board_of_Directors_net2mode_2011-07-01,1059,1141,40,spectral_entropy,0.9269533055940824,
Economic,Norwegian_Board_of_Directors_net2mode_2011-07-01,1059,1141,20,spectral_entropy,0.9416968234821068,
Economic,Norwegian_Board_of_Directors_net2mode_2011-07-01,1059,1141,100,adamic_adar_entropy,,0.4978070175438596
Economic,Norwegian_Board_of_Directors_net2mode_2011-07-01,1059,1141,100,seal_entropy,0.9059227868777042,0.7915897199138195
Economic,Norwegian_Board_of_Directors_net2mode_2011-08-01,1066,1148,100,spectral_entropy,0.6545504802708866,
Economic,Norwegian_Board_of_Directors_net2mode_2011-08-01,1066,1148,80,spectral_entropy,0.7612275178228929,
Economic,Norwegian_Board_of_Directors_net2mode_2011-08-01,1066,1148,60,spectral_entropy,0.7843573760759869,
Economic,Norwegian_Board_of_Directors_net2mode_2011-08-01,1066,1148,40,spectral_entropy,0.9157481215912124,
Economic,Norwegian_Board_of_Directors_net2mode_2011-08-01,1066,1148,20,spectral_entropy,0.9380419359924328,
Economic,Norwegian_Board_of_Directors_net2mode_2011-08-01,1066,1148,100,adamic_adar_entropy,,0.5
Economic,Norwegian_Board_of_Directors_net2mode_2011-08-01,1066,1148,100,seal_entropy,0.8865677292280316,0.8288076123643713
Economic,575aa410bd3e93b53c69562a,866,2531,100,spectral_entropy,0.7887106350844224,
Economic,575aa410bd3e93b53c69562a,866,2531,80,spectral_entropy,0.7673735249832516,
Economic,575aa410bd3e93b53c69562a,866,2531,60,spectral_entropy,0.7799691869832646,
Economic,575aa410bd3e93b53c69562a,866,2531,40,spectral_entropy,0.7990820606156525,
Economic,575aa410bd3e93b53c69562a,866,2531,20,spectral_entropy,0.7749747729566094,
Economic,575aa410bd3e93b53c69562a,866,2531,100,adamic_adar_entropy,11.624015970369255,0.8498277585964473
Economic,575aa410bd3e93b53c69562a,866,2531,100,seal_entropy,0.5699546587939242,0.91704291583996
Economic,575aa410bd3e93b53c695629,774,1778,100,spectral_entropy,0.7782153783742668,
Economic,575aa410bd3e93b53c695629,774,1778,80,spectral_entropy,0.7358593093909006,
Economic,575aa410bd3e93b53c695629,774,1778,60,spectral_entropy,0.7909876102901271,
Economic,575aa410bd3e93b53c695629,774,1778,40,spectral_entropy,0.7901364593827273,
Economic,575aa410bd3e93b53c695629,774,1778,20,spectral_entropy,0.7916913946587537,
Economic,575aa410bd3e93b53c695629,774,1778,100,adamic_adar_entropy,12.443941181770752,0.8191628645110097
Economic,575aa410bd3e93b53c695629,774,1778,100,seal_entropy,0.5331838125288991,0.9301051378694704
Economic,5936021067ec90f1500d6599,180,945,100,spectral_entropy,0.9319069682929044,
Economic,5936021067ec90f1500d6599,180,945,80,spectral_entropy,0.8424324849426851,
Economic,5936021067ec90f1500d6599,180,945,60,spectral_entropy,0.8068790222270295,
Economic,5936021067ec90f1500d6599,180,945,40,spectral_entropy,0.8270996259775586,
Economic,5936021067ec90f1500d6599,180,945,20,spectral_entropy,0.8742281442963926,
Economic,5936021067ec90f1500d6599,180,945,100,adamic_adar_entropy,1.7857799324530323,0.8924862125920326
Economic,5936021067ec90f1500d6599,180,945,100,seal_entropy,0.6793749800874953,0.8742616388119034
Economic,5936021067ec90f1500d6597,194,774,100,spectral_entropy,0.916012620270658,
Economic,5936021067ec90f1500d6597,194,774,80,spectral_entropy,0.906417630711562,
Economic,5936021067ec90f1500d6597,194,774,60,spectral_entropy,0.8863507645837265,
Economic,5936021067ec90f1500d6597,194,774,40,spectral_entropy,0.8560670099131638,
Economic,5936021067ec90f1500d6597,194,774,20,spectral_entropy,0.6978851963746223,
Economic,5936021067ec90f1500d6597,194,774,100,adamic_adar_entropy,2.3654991882948755,0.8350269860010119
Economic,5936021067ec90f1500d6597,194,774,100,seal_entropy,0.7496123289626245,0.8488151458930681
Economic,5936021067ec90f1500d6595,137,481,100,spectral_entropy,0.91682204738733,
Economic,5936021067ec90f1500d6595,137,481,80,spectral_entropy,0.8813888551657156,
Economic,5936021067ec90f1500d6595,137,481,60,spectral_entropy,0.8727472326411125,
Economic,5936021067ec90f1500d6595,137,481,40,spectral_entropy,0.8913073426091749,
Economic,5936021067ec90f1500d6595,137,481,20,spectral_entropy,0.956268221574344,
Economic,5936021067ec90f1500d6595,137,481,100,adamic_adar_entropy,1.9400612999618696,0.8142903645833335
Economic,5936021067ec90f1500d6595,137,481,100,seal_entropy,0.7575409657777543,0.7866753472222222
Economic,577ee40d58d31bd664bac0ef,206,2741,100,spectral_entropy,0.9400078202096561,
Economic,577ee40d58d31bd664bac0ef,206,2741,80,spectral_entropy,0.831478618393109,
Economic,577ee40d58d31bd664bac0ef,206,2741,60,spectral_entropy,0.7600259571706683,
Economic,577ee40d58d31bd664bac0ef,206,2741,40,spectral_entropy,0.7886635277073524,
Economic,577ee40d58d31bd664bac0ef,206,2741,20,spectral_entropy,0.8468930172966047,
Economic,577ee40d58d31bd664bac0ef,206,2741,100,adamic_adar_entropy,0.912813612167543,0.7833911636208641
Economic,577ee40d58d31bd664bac0ef,206,2741,100,seal_entropy,0.8579423284271359,0.7927500133198359
Economic,577ee40d58d31bd664bac0ee,113,2944,100,spectral_entropy,0.9702725020644095,
Economic,577ee40d58d31bd664bac0ee,113,2944,80,spectral_entropy,0.9432380540306661,
Economic,577ee40d58d31bd664bac0ee,113,2944,60,spectral_entropy,0.9102915280766973,
Economic,577ee40d58d31bd664bac0ee,113,2944,40,spectral_entropy,0.7462101411395713,
Economic,577ee40d58d31bd664bac0ee,113,2944,20,spectral_entropy,0.7383863080684596,
Economic,577ee40d58d31bd664bac0ee,113,2944,100,adamic_adar_entropy,0.8971103575228052,0.7836824355592578
Economic,577ee40d58d31bd664bac0ee,113,2944,100,seal_entropy,0.8883226889803549,0.8018244712851127
Economic,577ee40d58d31bd664bac0ed,145,2266,100,spectral_entropy,0.8967844051982673,
Economic,577ee40d58d31bd664bac0ed,145,2266,80,spectral_entropy,0.754257907542579,
Economic,577ee40d58d31bd664bac0ed,145,2266,60,spectral_entropy,0.7086614173228346,
Economic,577ee40d58d31bd664bac0ed,145,2266,40,spectral_entropy,0.7361322188449848,
Economic,577ee40d58d31bd664bac0ed,145,2266,20,spectral_entropy,0.8540925266903915,
Economic,577ee40d58d31bd664bac0ed,145,2266,100,adamic_adar_entropy,0.8580554375793292,0.7779824471636234
Economic,577ee40d58d31bd664bac0ed,145,2266,100,seal_entropy,0.8253111848722593,0.8218499188632078
Economic,5847088c8cf714f319c47aae,105,441,100,spectral_entropy,0.8618796662274923,
Economic,5847088c8cf714f319c47aae,105,441,80,spectral_entropy,0.8153701968134958,
Economic,5847088c8cf714f319c47aae,105,441,60,spectral_entropy,0.7800546448087432,
Economic,5847088c8cf714f319c47aae,105,441,40,spectral_entropy,0.8425,
Economic,5847088c8cf714f319c47aae,105,441,20,spectral_entropy,0.8526551982049365,
Economic,5847088c8cf714f319c47aae,105,441,100,adamic_adar_entropy,1.4783026049136543,0.8680268595041322
Economic,5847088c8cf714f319c47aae,105,441,100,seal_entropy,0.6720819048351643,0.8884297520661156
Economic,56e9db8da6d70217090cdf2b,183,945,100,spectral_entropy,0.535976008478207,
Economic,56e9db8da6d70217090cdf2b,183,945,80,spectral_entropy,0.05806407541498736,
Economic,56e9db8da6d70217090cdf2b,183,945,60,spectral_entropy,0.4092159559834938,
Economic,56e9db8da6d70217090cdf2b,183,945,40,spectral_entropy,0.15202702702702703,
Economic,56e9db8da6d70217090cdf2b,183,945,20,spectral_entropy,0.2437166793602437,
Economic,56e9db8da6d70217090cdf2b,183,945,100,adamic_adar_entropy,2.464092578929958,0.734203969653705
Economic,56e9db8da6d70217090cdf2b,183,945,100,seal_entropy,0.3855144176743101,0.9877942946726015
